num,id,content,sentiment,trend,sen_value,avg_senti,delta,noun
297,201901061231086368,前面我回复的意见您还没回答我。。。。||看来12時之前和我对话的是另一位朋友了，到12点，尽管显示对方己收到去没回音。现在您来了，主动询问我，我很感谢!上午我跟那位朋友对话您看不到吧？复述要从你们要求我去下载什么APP开始，很费勁!我只想知道，如果我不下载，我的储蓄卡里惯常报告收入支出余额的服务是否就中断了？||都收到的。||因多次收到你们发来的要我们办理融E联。。。什么服务的APP，我们年迈不会操作，请求指点步骤，这才生出原先很满意的服务是否要废除的问题!||谢谢您详尽的讲解。我们还是维原状比较习惯。但对创新精神老夫还要点赞。。。。。||谢谢您，年轻人!願新时代的阳光照亮你们传承改革创新路上的沟沟坎坎弯弯。。。。||,"[0.9999883204221688, 0.9999607699177189, 0.8601845117682061, 0.3986336882035366, 0.00019084662802415497, 0.011490678770980312]",pos,0.999973495,0.545074803,-0.454898692,"['意见', '朋友', '对方', '回音', '朋友', '话', '储蓄', '收入', '支出', '余额', '步骤', '问题', '原状', '精神', '要点', '年轻人', '时代', '阳光', '路', '沟', '沟坎']"
356,201901150331391296,为什么转账登录的时候密码还没有输入完全就关闭了||登录的时候不等密码输入完整就直接关闭了||我现在就是在工行融E联APP上，我一直用这个来登录转账的||,"[0.9956095056508589, 0.36147545466670017, 0.47963150696939283]",pos,0.985912648,0.612238822,-0.373673826,"['时候', '密码', '时候', '密码']"
74,201901021130947104,[Facepalm]我想知道的是如何详询贷款经办行，是电话客服还是需要去柜面办理||好的谢谢，重庆，工行巴南支行||,"[0.9875410369892775, 0.07640660900304841]",pos,0.827140057,0.531973823,-0.295166234,['支行']
353,201901150231390016,一直提示这个，然后跳转到工行app又什么都没有，已经升级服务了||没有提醒…||好吧[喜泣]已经是最新了||好的，我试试看||,"[0.8700034737270156, 0.6171374637897409, 0.39251901633412567, 0.5532971328415834]",no_trend,0.840108675,0.608239272,-0.231869403,[]
53,201901021030943136,网上转账的时候显示向个人账户汇款选项录入不正确||这是什么原因了||,"[0.4390243902439026, 0.9553698757932483]",neg,0.924385725,0.697197133,-0.227188592,"['时候', '个人', '账户', '汇款', '原因']"
328,201901140631364608,存款利息怎么算||比如，百分之1.35，3个月，1万元能有多少利息||如果按上面那个计算，有多少利息呢||按照第一个产品计算，1万元到期，有多少利息？||理财计算器在哪里||手机银行定期存款后，急用，要怎么取||定期存款里的约转存期是什么意思||下面那个账户是什么意思？||我只添加了一个账户，怎么又出来了一个||怎么两个账号不一样||,"[0.539365925485966, 0.3072039075625369, 0.4285714285714284, 0.37946272620433874, 0.19380679168661574, 0.6813471926135386, 0.4023391041106418, 0.8020330678228416, 0.8509849880686662, 0.9297960679156426]",neg,0.77439027,0.55149112,-0.22289915,"['存款', '利息', '月', '利息', '利息', '产品', '利息', '计算器', '手机', '银行', '存款', '存款', '意思', '||', '账户', '意思', '账户', '账号']"
234,201901041131020352,查联行号||太原坞城世纪花园支行||,"[0.9318710098585338, 0.14485331324579898]",pos,0.628352961,0.538362162,-0.089990799,"['号', '城', '世纪', '花园', '支行']"
180,201901040831012864,你好，我昨天购买的理财怎么无法显示||在哪里查询是否购买成功||,"[0.5622752731630939, 0.7534892841080558]",no_trend,0.741279216,0.657882279,-0.083396938,[]
168,201901040431033760,转人工服务||我想问您一下银行卡额度提升要去柜台吗||总额度||单日额度可以提高吗||您好还在吗||,"[0.5072100027297333, 0.7642709336536204, 0.3240729283260858, 0.7475049286978644, 0.4433153078686727]",no_trend,0.594439283,0.55727482,-0.037164463,"['人工', '银行卡', '额度', '柜台', '总额', '额度']"
276,201901060331092992,我想知道我在工商贷过什么款||有一个8600是从哪贷出来的||我也不知道哪种贷款，但是从你家贷出来的||人工怎么直接连人工||,"[0.4737672181921926, 0.7591050157315845, 0.6229603126291587, 0.3914810501714172]",no_trend,0.591120629,0.561828399,-0.02929223,"['工商', '款', '贷款', '人工', '人工']"
16,201901020730936128,你是人吗∩||,[0.5443456329515354],no_trend,0.544345633,0.544345633,0,['人']
157,201901031230989152,我牛奶被老鼠咬了两瓶气死我…想打人fuckshitmmp||,[0.05003964304606656],no_trend,0.050039643,0.050039643,0,"['牛奶', '老鼠', '人']"
225,201901041131019456,你好，没事了，另一位客服回答了我的问题[Yeah!]||,[0.021280256644564344],no_trend,0.021280257,0.021280257,0,['问题']
97,201901030330996352,我在融e购商城购买了一个油汀，商家联系我说缺货要我申请退款，但是我是用融e购的通用券买的，那个券12月31日到期，现在退款的话，券怎么办？||,[4.874973102975133e-08],no_trend,4.38894E-08,4.87497E-08,4.86036E-09,"['商城', '商家', '月', '话']"
195,201901041031016000,前几天银行扣了我工行唯一储蓄卡的年费，2日去柜台办了免年费的手续，那么，多扣的10元年费何时能退还到账？||,[6.866667100480228e-07],no_trend,6.18206E-07,6.86667E-07,6.84608E-08,"['银行', '储蓄', '卡', '柜台', '手续', '账']"
163,201901040131024832,刚才4271又扣苹果35元是什么款？您尾号4271卡1月4日12:56工商银行支出(苹果)35元。【工商银行】||,[7.687526902433461e-05],no_trend,6.92113E-05,7.68753E-05,7.66396E-06,"['苹果', '款', '月', '工商', '银行', '支出', '苹果', '工商', '银行']"
208,201901041031017760,您好，我前两天买了添利宝理财，今天再购买为啥购买不了了，说是不在白名单客户名单，请问这是怎么回事？感觉很诧异||,[8.050697094230674e-05],no_trend,7.2481E-05,8.0507E-05,8.02599E-06,"['利', '宝', '名单', '客户', '名单', '事', '感觉']"
29,201901020830937504,我上个已经去营业厅办理了证件更新业，什么现在又说要证件更新||,[0.00019676651875477624],no_trend,0.000177152,0.000196767,1.96142E-05,"['营业厅', '证件', '证件']"
171,201901040831011648,我想问一下提前还装修贷款，需要什么手续，还要装修公司一起签字办理吗？||,[0.00029521388643904967],no_trend,0.000265789,0.000295214,2.94251E-05,"['贷款', '手续', '公司']"
35,201901020930939232,帮我查询一下，我这个储蓄卡有没有什么绑定约约扣钱的业务？||,[0.00040616605932453087],no_trend,0.000365686,0.000406166,4.04801E-05,"['卡', '钱', '业务']"
247,201901041131021536,请问要如何禁止卡号登入，只用用户名登呢||,[0.0004086175396114111],no_trend,0.000367893,0.000408618,4.07243E-05,['用户']
6,201901020130954016,公积金贷款我忘记存钱进去，今天扣款没有扣全，可否再帮忙扣一次，要还款||,[0.0006178993832974822],no_trend,0.000556329,0.000617899,6.15705E-05,"['公积金', '贷款', '钱', '款']"
188,201901040931014432,我的证件是2019年3月5日到期，为何现在就要停止我的帐户，不是还有二个月的时间吗？||,[0.0008463395728208756],no_trend,0.000762024,0.00084634,8.4316E-05,"['证件', '月', '月', '时间']"
153,201901031230988320,我于18年12月23日下午在北门1十|超市旁的存取款机分别存入700元和100元现在短信回复我里面存钱只有700多元请邦忙查实||,[0.0012176967733580346],no_trend,0.001096425,0.001217697,0.000121272,"['月', '超市', '信', '钱']"
302,201901061231087360,别人可以把我的钱，存进我的工商银行储蓄卡吗？||,[0.0013507053418908566],no_trend,0.001216203,0.001350705,0.000134502,"['钱', '工商', '银行', '卡']"
330,201901140631365280,我办理的银行卡找不到了，前两天已经打电话口头挂失15天||如果15天之内没有去任意网点补卡，可不可以申请继续挂失，因为我们这里太偏僻了||我这个卡是工资卡，单位有我的卡号，我在挂失期间，工资能不能继续发到卡上||去网点办理的话，不带卡，带身份证可不可修改这个卡的密码，因为单位统一都是一样的密码，卡找不到了我很担心||,"[2.7996745121772193e-05, 7.426028707069321e-06, 5.5527821348100304e-05, 0.000918021343913944]",no_trend,0,0.000252243,0.000252243,"['银行卡', '网点', '卡', '工资', '卡', '单位', '工资', '网点', '话', '身份证', '卡', '密码', '单位', '密码', '卡']"
75,201901021130947552,今天扣的房贷，刚存的钱现在扣可以吗||,[0.0028359147951123598],no_trend,0.002553895,0.002835915,0.000282019,['钱']
231,201901041131020000,上回我是优惠尊享特邀客服，回了优惠尊享，没有客服经理回复我。||,[0.004669029070756836],no_trend,0.004205483,0.004669029,0.000463546,[]
70,201901021130946432,梁佳欣身份证211202199308145068新个税查询房贷合同编号||,[0.005411595173346773],no_trend,0.004874688,0.005411595,0.000536908,"['身份证', '税', '房', '合同']"
190,201901040931014976,您好，点错删除手机银行网上银行，想恢复||,[0.005742078500730163],no_trend,0.005172553,0.005742079,0.000569526,"['手机', '银行', '银行']"
325,201901140431360864,工资到账信息提醒没取消，怎么没信息呢？||,[0.005920683363180301],no_trend,0.005333538,0.005920683,0.000587146,"['工资', '账', '信息', '信息']"
224,201901041131019360,个人所得税扣除专项中需要填写首套住房贷款的合同编号和首次还款时间||,[0.0060015113177355195],no_trend,0.005406394,0.006001511,0.000595118,"['个人所得税', '住房', '贷款', '合同', '时间']"
11,201901020230956416,企业网银，京东链接支付时显示40407，系统错误，请问什么原因||,[0.0063653231327074344],no_trend,0.005734338,0.006365323,0.000630985,"['企业', '网', '系统', '错误', '原因']"
209,201901041031017824,之前没有这样啊，怎么突然这样了，我也没弄什么，为啥这样提示？||,[0.006675443628998745],no_trend,0.006013902,0.006675444,0.000661541,[]
117,201901030930978368,火车票退款没到账你帮我查一下吧||,[0.0073729208511953415],no_trend,0.006642721,0.007372921,0.000730199,"['火车票', '账']"
85,201901030230993632,请问是人工客服吗||,[0.007518107891155146],no_trend,0.006773628,0.007518108,0.00074448,['人工']
338,201901140831368608,不能理解，工行服务不到位。请给个投诉电话号码给我。||,[0.009163372621975974],no_trend,0.008257325,0.009163373,0.000906047,"['电话', '号码']"
210,201901041031017920,帮我把钱找回来，同程艺龙早上我买票？小心点错了||,[0.009562892089327035],no_trend,0.008617685,0.009562892,0.000945207,"['钱', '票', '错']"
229,201901041131019872,我问下个人房屋贷款合同编号可以查到吗||,[0.011536690695576612],no_trend,0.01039844,0.011536691,0.001138251,"['个人', '房屋', '合同']"
103,201901030730975744,我要更改绑定的手机号||,[0.011986542785456078],no_trend,0.010804393,0.011986543,0.00118215,"['手机', '号']"
296,201901061231086208,在线客服||,[0.013283460991551865],no_trend,0.011974955,0.013283461,0.001308506,[]
371,201901150531398016,储蓄卡为什么限额||,[0.016964395298439072],no_trend,0.015298916,0.016964395,0.001665479,"['储蓄', '限额']"
80,201901030230992384,填写个人所得税专项附加扣除||,[0.01809143182593287],no_trend,0.016317142,0.018091432,0.00177429,['个人所得税']
287,201901061031082304,有两块钱的费用是什么费用啊||,[0.01832132651848173],no_trend,0.01652487,0.018321327,0.001796457,"['钱', '费用', '费用']"
285,201901061031081664,我可以挂多一本工商存折入手机网上银行吗||,[0.020316384365545503],no_trend,0.018327959,0.020316384,0.001988425,"['工商', '存折', '手机', '银行']"
206,201901041031017376,我想查我的贷款合同号，做个税抵扣||,[0.020496470022667523],no_trend,0.018490752,0.02049647,0.002005718,"['贷款', '合同', '号', '税']"
378,201901150631399680,为什么工资到账没有短信通知了||,[0.021233664264446506],no_trend,0.019157218,0.021233664,0.002076447,"['工资', '账']"
370,201901150531397984,注册卡的显示页面是什么意思||,[0.02223192024212073],no_trend,0.020059854,0.02223192,0.002172066,"['卡', '面', '意思']"
357,201901150331391552,有一阵不用了，但我记得有点钱在里面，刚刚转支付宝的时候显示没钱了，所以想看看||,[0.02341178079422712],no_trend,0.021126933,0.023411781,0.002284848,"['钱', '宝', '时候', '钱']"
126,201901031030981984,查询太原尖草坪白杨树工商银行的电话||,[0.025017728581983922],no_trend,0.022579774,0.025017729,0.002437955,"['杨树', '工商', '银行', '电话']"
37,201901020930940480,我在app上购买理财产品时，提示我需要进行投资者风险采集||,[0.9770222594039644],no_trend,0.974542455,0.977022259,0.002479804,"['产品', '投资者', '风险']"
310,201901140131351424,卡不用了，人不在上海在外地||,[0.02745115263531961],no_trend,0.02478209,0.027451153,0.002669062,"['卡', '人']"
152,201901031230988224,转账时收不到验证码，卡被冻结||,[0.027958749724148024],no_trend,0.025241615,0.02795875,0.002717135,['卡']
36,201901020930939264,我购买的2018年工迎新春专属理财第2期350天（仅贵州）GYGR1802到账了吗？||,[0.0297313609047547],no_trend,0.026846715,0.029731361,0.002884646,"['工', '账']"
182,201901040931013216,我想改手机号码，以前的号码没用了||,[0.03139981627829169],no_trend,0.028358022,0.031399816,0.003041794,"['手机', '号码', '号码']"
205,201901041031017184,绑定我老婆卡的余额变动提示，防诈骗||,[0.03158847637242257],no_trend,0.028528944,0.031588476,0.003059532,"['老婆', '卡', '余额']"
226,201901041131019488,叫信使展期每月三块钱!我要取消||,[0.033233854923299666],no_trend,0.030019898,0.033233855,0.003213956,"['信使', '展期', '钱']"
258,201901041231023936,微信上可以更新证件不||,[0.033243537822616354],no_trend,0.030028674,0.033243538,0.003214864,"['信', '证件']"
227,201901041131019552,请问超过预约兑换纪念币时间，还可以兑吗||,[0.03380084807772088],no_trend,0.030533791,0.033800848,0.003267057,"['纪念币', '时间']"
138,201901031130986400,支付收不到提醒||,[0.03556897174650453],no_trend,0.032136699,0.035568972,0.003432273,[]
303,201901140131349248,保险费是否交止2020年1月结束？||,[0.036499264171036105],no_trend,0.032980292,0.036499264,0.003518973,"['保险', '月']"
154,201901031230988480,我想问一下每个月两元是短信提醒吗||,[0.04083239324861654],no_trend,0.036911659,0.040832393,0.003920734,"['月', '信']"
20,201901020730936320,大額存款可在手機上辦理嗎||,[0.04117920267162656],no_trend,0.03722646,0.041179203,0.003952742,"['存款', '手']"
127,201901031030983808,积分退款||,[0.04232587416165079],no_trend,0.038267457,0.042325874,0.004058417,['积分']
9,201901020230954848,请问我十一月十号转账行对方的钱对方收到了吗||,[0.043002698151394014],no_trend,0.038882019,0.043002698,0.00412068,"['对方', '钱', '对方']"
161,201901040131024608,去办理的时候没有问留不留号码||,[0.04313982899112767],no_trend,0.039006545,0.043139829,0.004133284,"['时候', '号码']"
245,201901041131021280,我想咨询转账支票背书盖章出格了能交吗||,[0.043157481223463745],no_trend,0.039022574,0.043157481,0.004134907,"['支票', '书']"
30,201901020930938016,查网点||,[0.04361095360378864],no_trend,0.03943439,0.043610954,0.004176563,['网点']
34,201901020930938848,我想查询下我的公积金贷款合同编号||,[0.04413961461343441],no_trend,0.039914535,0.044139615,0.004225079,"['公积金', '合同']"
214,201901041031018464,我的房贷合同号怎么查询||,[0.0452484233012701],no_trend,0.040921752,0.045248423,0.004326672,"['房', '合同', '号']"
175,201901040831012096,这个开换卡费到底多少钱。||,[0.04556372054434199],no_trend,0.041208201,0.045563721,0.004355519,['钱']
101,201901030330997696,我在银行贷款合同号是多少||,[0.04839877055032071],no_trend,0.043784676,0.048398771,0.004614094,"['银行', '合同']"
204,201901041031017120,原银行卡注销能否查询原卡往年流水||,[0.04951394232811235],no_trend,0.044798538,0.049513942,0.004715404,"['银行卡', '卡', '流水']"
146,201901031230987712,对12月30日的一笔交易有疑问||,[0.04965306615573706],no_trend,0.044925039,0.049653066,0.004728027,"['月', '交易', '疑问']"
387,201901150931406112,你好我想查询一下我的公积金贷款合同号||,[0.05040987534670094],no_trend,0.045613243,0.050409875,0.004796633,"['公积金', '贷款', '合同', '号']"
273,201901060331091584,转人工找小智的师傅吧||,[0.050459618378311144],no_trend,0.04565848,0.050459618,0.004801138,['师傅']
283,201901060931080896,我用app查询但是上面显示台湾的无法办理需要大陆的身份证||,[0.05521499407989139],no_trend,0.049985209,0.055214994,0.005229785,"['大陆', '身份证']"
141,201901031230986880,为何工银聚富升级版分红至12月27日后再也不更新了？||,[0.05697669372838199],no_trend,0.051589158,0.056976694,0.005387536,['月']
169,201901040831011552,我往卡里提现了100元，可为什么只到了6元||,[0.05846872931130631],no_trend,0.052948032,0.058468729,0.005520697,[]
0,201901020130951136,合同详情||,[0.05991353521117326],no_trend,0.05426428,0.059913535,0.005649255,"['合同', '情']"
21,201901020730936352,可直接存入3年的4.07%那期嗎||,[0.06018004281421507],no_trend,0.054507116,0.060180043,0.005672927,[]
305,201901140131349440,申请挂失银行卡||,[0.06018308406424977],no_trend,0.054509887,0.060183084,0.005673197,['银行卡']
336,201901140731367936,为什么别人发我工资了，为什么还没收到短信||而且工商银行软件，也显示工资到账了，但没收到短信||,"[0.00018880396787279707, 0.011417252622659801]",no_trend,1.59148E-06,0.005803028,0.005801437,"['工资', '信', '工商', '银行', '软件', '工资', '账', '信']"
304,201901140131349280,转人工客服||,[0.06399446814835796],no_trend,0.057984155,0.063994468,0.006010313,['人工']
172,201901040831011680,贷款行电话太难打了，你们没有一个标准吗？||,[0.06435656814605928],no_trend,0.058314366,0.064356568,0.006042202,"['贷款行', '电话', '标准']"
10,201901020230955520,我想问一下怎么样开通短信业务？||,[0.06548705310968261],no_trend,0.059345446,0.065487053,0.006141607,"['信', '业务']"
181,201901040931012896,投资理财||,[0.93488127038469],no_trend,0.928187804,0.93488127,0.006693467,[]
86,201901030230993696,在线服务效率真是有待提高||,[0.07371139999206744],no_trend,0.066853662,0.0737114,0.006857738,['效率']
139,201901031130986624,∵找小智师傅||,[0.07469065629293592],no_trend,0.067748477,0.074690656,0.006942179,['师傅']
69,201901021130946400,报税所需房贷合同编号怎么查询||,[0.07791291253609867],no_trend,0.07069412,0.077912913,0.007218793,['合同']
98,201901030330996512,住房贷款合同丢失怎么办||,[0.07967485935143792],no_trend,0.07230562,0.079674859,0.00736924,"['住房', '贷款', '合同']"
105,201901030830976224,CW68元是扣什么钱||,[0.08330100435675958],no_trend,0.075623937,0.083301004,0.007677068,['钱']
189,201901040931014496,你们都回复真么慢的吗||,[0.08457284010841704],no_trend,0.076788378,0.08457284,0.007784462,[]
88,201901030230993792,真没这么多时间12小时盯着你们回信息||,[0.08892153259518143],no_trend,0.080772115,0.088921533,0.008149418,"['时间', '小时', '信息']"
379,201901150631400640,您好非信用卡业务能解决吗？||,[0.08925363294189537],no_trend,0.081076488,0.089253633,0.008177145,"['信用卡', '业务']"
333,201901140631365664,收不到余额变动短信了||,[0.08986985707850581],no_trend,0.081641316,0.089869857,0.008228541,"['余额', '信']"
315,201901140231354560,北京地区0061和2016是哪个网点号？||,[0.09473802432653244],no_trend,0.086105921,0.094738024,0.008632103,"['地区', '网点', '号']"
331,201901140631365440,你们的座机号码是多少||,[0.09505125977776274],no_trend,0.08639334,0.09505126,0.00865792,['号码']
196,201901041031016032,你好，开卡时没说需要收费，后期卡里有钱又扣费了？||,[0.09764850559977534],no_trend,0.088777219,0.097648506,0.008871287,['钱']
316,201901140331356800,企业客服有吗||,[0.09859648938429622],no_trend,0.089647635,0.098596489,0.008948854,['企业']
262,201901041231024576,预留号码是多少？||,[0.0993317424040796],no_trend,0.090322842,0.099331742,0.0090089,['号码']
119,201901030930979392,网页登陆不显示验证码||,[0.10000997895741337],no_trend,0.090945777,0.100009979,0.009064202,['网页']
41,201901021030941728,请问有人在吗||,[0.10445258952468739],no_trend,0.095028255,0.10445259,0.009424334,[]
306,201901140131349888,财付通有30块支出想问问你||,[0.10866537268800547],no_trend,0.098902914,0.108665373,0.009762459,['支出']
12,201901020230956608,取消提醒业务||,[0.1207148540135865],no_trend,0.110003473,0.120714854,0.010711381,['业务']
389,201901150931406528,自动扣费缴纳||,[0.12610375529467066],no_trend,0.114976728,0.126103755,0.011127027,[]
243,201901041131021152,怎么没有人答复||,[0.12865638330045182],no_trend,0.117334361,0.128656383,0.011322022,['人']
222,201901041031019040,个人所得税里面贷款项合同编号和首次还款时间是||,[0.12984430734182506],no_trend,0.118431954,0.129844307,0.011412353,"['个人所得税', '合同', '时间']"
335,201901140731367808,为什么我银行卡里有钱了还是没有短信提醒!||,[0.1358596891988626],no_trend,0.123993968,0.135859689,0.011865722,"['银行卡', '钱', '信']"
367,201901150431395392,我密吗忘了怎么改||,[0.13744028262585117],no_trend,0.125456557,0.137440283,0.011983726,[]
43,201901021030942080,我要开通信息通知||,[0.14210438252375357],no_trend,0.129775169,0.142104383,0.012329214,"['信息', '通知']"
145,201901031230987456,查不到台币||,[0.14408054727765396],no_trend,0.13160618,0.144080547,0.012474367,[]
183,201901040931013536,没有登录为何会有登录错误的信息发给我？||,[0.14413904504930442],no_trend,0.131660392,0.144139045,0.012478653,['信息']
350,201901150131387616,中国工商银行岳塘支行贷款办的联系方式||,[0.145686942255966],no_trend,0.133095122,0.145686942,0.01259182,"['工商', '银行', '支行', '贷款', '方式']"
147,201901031230987808,可以查询在哪里交易吗？||,[0.1502701267171923],no_trend,0.137345863,0.150270127,0.012924264,[]
24,201901020830936480,我这卡昨天扣了219.36元||,[0.15238741770695063],no_trend,0.139310908,0.152387418,0.01307651,[]
239,201901041131020800,还到招联金融||,[0.8570598712430642],no_trend,0.843704563,0.857059871,0.013355308,['金融']
392,201901150931407104,你好，因为我目前在海外，不方便电话人工服务，所以通过微信公众号咨询一下||,[0.16493638638957298],no_trend,0.150974841,0.164936386,0.013961545,"['电话', '人工', '公众', '号']"
215,201901041031018496,我要填报个税抵扣||,[0.16849244223532023],no_trend,0.154285499,0.168492442,0.014206943,['税']
257,201901041231023680,你好。请问有没有那个存钱有利息的那个活动。我妈妈听别人说活期存款有利息||,[0.8455258160059824],no_trend,0.831304964,0.845525816,0.014220852,"['利息', '妈妈', '存款', '利息']"
358,201901150331391840,银行卡预留号码现在没使用了，怎么找回手机银行登陆密码||身份证也丢了，原来绑定的号码早没有用了，我现在这张银行卡只要存取，都要验证手机验证码||身份证复印件行不行||那还要提供其它什么身份证明？||我有本人手持银行卡正反面照片和本人手持身份证正反面照片||,"[0.011306431859021804, 0.02232494987064837, 0.019341120845833615, 0.004380700950675331, 0.015578903602868954]",no_trend,1.39352E-10,0.014586421,0.014586421,"['银行卡', '号码', '手机', '银行', '密码', '身份证', '号码', '银行卡', '手机', '身份证', '复印件', '身份证', '手', '银行卡', '面', '照片', '手', '身份证', '面', '照片']"
326,201901140531364224,请问变更公司名称需要带啥资料||,[0.18651657552847478],no_trend,0.1711026,0.186516576,0.015413975,"['公司', '名称', '资料']"
230,201901041131019968,我想问一下我昨天开了这个卡已经交了十块钱了，怎么今天还要扣我15块钱，我想问问咋回事。||那我想问一下我销卡还要交钱吗。||,"[0.030986878177083788, 1.4372633489467823e-05]",no_trend,3.35391E-07,0.015500625,0.01550029,"['卡', '钱', '钱', '事', '钱']"
144,201901031230987008,请问我有一笔人人快送的提现为什么没到账||,[0.1884794271214999],no_trend,0.172937724,0.188479427,0.015541703,"['人人', '账']"
275,201901060331091712,非办理行可以吗||其他地区的有权限查询嘛||,"[0.746077268354503, 0.34380363379950674]",pos,0.52904901,0.544940451,0.015891441,"['地区', '权限']"
242,201901041131021120,请问我用融e联如何查我房贷的月供明细||,[0.20369196624155983],no_trend,0.187185202,0.203691966,0.016506764,[]
110,201901030830977024,开换卡费是什么鬼？||,[0.20756195913523345],no_trend,0.19081673,0.207561959,0.016745229,[]
93,201901030330995104,想知道这张卡是谁名下的||,[0.20997319921912883],no_trend,0.193080839,0.209973199,0.01689236,[]
277,201901060331093536,您好，可以了解一下你们银行的绩效考核制度吗||,[0.8028179305615131],no_trend,0.785662069,0.802817931,0.017155862,"['银行', '制度']"
133,201901031130985408,长源纺织atm所属网点||,[0.21970126155981562],no_trend,0.202226609,0.219701262,0.017474652,"['纺织', '所属', '网点']"
131,201901031130984896,想问这是什么情况||,[0.22182437315817705],no_trend,0.20422505,0.221824373,0.017599323,['情况']
54,201901021030943360,我出门没带信用卡，现在想知道信用卡卡号||我想知道我的储蓄卡卡号||,"[0.0205267393568761, 0.0152856828649236]",no_trend,0.000237334,0.017906211,0.017668877,"['信用卡', '信用卡', '卡', '号', '卡', '卡', '号']"
42,201901021030941760,请转人工服务!||,[0.22488917080195991],no_trend,0.207111406,0.224889171,0.017777765,[]
351,201901150231388160,怎样查询刚存在房贷卡上余额||,[0.23045733042782146],no_trend,0.212359991,0.23045733,0.01809734,"['房', '余额']"
166,201901040331032864,我这个月要还多少钱？||,[0.23153783557560104],no_trend,0.213379173,0.231537836,0.018158662,"['月', '钱']"
263,201901060131087360,他帮助我存钱？到我的银行卡？||,[0.23315996997438804],no_trend,0.214909668,0.23315997,0.018250302,"['钱', '银行卡']"
192,201901040931015328,傻逼app，每次点开都要输入登录密码||,[0.2359825192169298],no_trend,0.21757397,0.235982519,0.018408549,['密码']
149,201901031230987872,都是语音||,[0.7683734606808105],no_trend,0.749157125,0.768373461,0.019216335,['语音']
355,201901150231390432,预定了，但是没有时间去领||,[0.2557852927017731],no_trend,0.236309764,0.255785293,0.019475528,['时间']
46,201901021030942304,谢谢了，已电话联系||,[0.2621287562342932],no_trend,0.242327505,0.262128756,0.019801251,['电话']
4,201901020130953184,节节高1号利率？||,[0.26592551203997705],no_trend,0.245933046,0.265925512,0.019992466,['利率']
179,201901040831012800,转人工[来自ivvi手机]||,[0.7539723994672113],no_trend,0.733974959,0.753972399,0.01999744,"['人工', '手机']"
176,201901040831012160,转人工，怎么找？||,[0.268551728525242],no_trend,0.248428641,0.268551729,0.020123088,['人工']
32,201901020930938592,之前的薪金溢1号到期，怎么续约||,[0.27038966186275837],no_trend,0.250175959,0.270389662,0.020213703,['薪金']
191,201901040931015104,我本期的水费支出的账号是多少？我因有两处房子，一处卖了，我想查一下，谢谢!||,[0.7460570332891688],no_trend,0.725650327,0.746057033,0.020406707,"['水费', '支出', '账号', '房子']"
291,201901061131085344,是儲蓄卡。||,[0.2771247798995966],no_trend,0.256584643,0.27712478,0.020540137,[]
290,201901061031083328,我忘记登录密码了，怎么办||,[0.287212223051449],no_trend,0.266199748,0.287212223,0.021012475,['密码']
201,201901041031016864,查询贷款信息||,[0.28839286613269577],no_trend,0.267326409,0.288392866,0.021066457,"['贷款', '信息']"
33,201901020930938624,销户短信提供一下||,[0.2885657443113844],no_trend,0.267491406,0.288565744,0.021074338,['信']
184,201901040931013632,请问新生小学旁边的工行全称是什么||,[0.7309885644245621],no_trend,0.709841908,0.730988564,0.021146657,"['新生', '小学']"
223,201901041131019328,广西贵港||,[0.7297953905324696],no_trend,0.708592331,0.729795391,0.02120306,[]
360,201901150331392448,转入人工||,[0.7297953905324703],no_trend,0.708592331,0.729795391,0.02120306,['人工']
124,201901031030981664,要咨询支行是吗？||,[0.2945477063520663],no_trend,0.273204264,0.294547706,0.021343442,['支行']
128,201901031030983840,我讲的是工行的储蓄卡。||,[0.2965507185402625],no_trend,0.275118738,0.296550719,0.02143198,['卡']
268,201901060131088480,银行行号||,[0.2986479332114579],no_trend,0.277124096,0.298647933,0.021523838,['银行']
281,201901060431094656,普通高中学生资助卡有使用期限吗||,[0.7141487449247786],no_trend,0.692235666,0.714148745,0.021913079,"['中学生', '卡', '期限']"
278,201901060431093696,我想问一下||,[0.30875133553827583],no_trend,0.286797096,0.308751336,0.021954239,[]
347,201901150131387008,好转人工||,[0.7122984518944279],no_trend,0.690305041,0.712298452,0.02199341,['人工']
132,201901031130985312,查询我的贷款||,[0.3104160936911723],no_trend,0.288392866,0.310416094,0.022023228,['贷款']
84,201901030230993024,小仙女吹口仙气表示还在一下||,[0.7107643748355345],no_trend,0.688704943,0.710764375,0.022059432,"['仙女', '气']"
381,201901150731401504,查询不到余额||,[0.32193684157878666],no_trend,0.299451188,0.321936842,0.022485654,['余额']
22,201901020830936384,您好!我的身份证马上到期了，新办理的还没有下来，过期厚银行卡还可以使用吗||好的，任意一个工商银行都可以吗、||,"[0.04004328753459485, 0.005409093927417508]",no_trend,0.000165519,0.022726191,0.022560672,"['身份证', '银行卡', '工商', '银行']"
238,201901041131020768,浙江嘉兴||,[0.3243972906200331],no_trend,0.30181628,0.324397291,0.022581011,[]
170,201901040831011584,查询明细方法||,[0.6970025796430275],no_trend,0.674374414,0.69700258,0.022628166,['方法']
235,201901041131020576,储备卡||,[0.6969869306505013],no_trend,0.674358142,0.696986931,0.022628788,['卡']
342,201901141231348896,不会转人工||,[0.3328880497162391],no_trend,0.309987189,0.33288805,0.022900861,['人工']
83,201901030230992992,小仙女还在凡间吗？||,[0.6887247415320814],no_trend,0.665774815,0.688724742,0.022949927,['仙女']
40,201901021030941696,找人工||,[0.3359244763038992],no_trend,0.312912707,0.335924476,0.023011769,"['人', '工']"
313,201901140231354496,故宫主题银行卡可以办理了吗？||,[0.6695448206631087],no_trend,0.645907816,0.669544821,0.023637005,"['主题', '银行卡']"
219,201901041031018816,今天是兑换的最后一天了||,[0.35676982934468593],no_trend,0.333046246,0.356769829,0.023723583,[]
137,201901031130986048,我要投诉南京汉中门的工行营业点||,[0.3574540572269407],no_trend,0.33370858,0.357454057,0.023745477,[]
323,201901140431359328,牛人||,[0.665672213369363],no_trend,0.641906356,0.665672213,0.023765857,"['牛', '人']"
14,201901020730936032,我想问下图片上面的||,[0.35950819264795975],no_trend,0.335697552,0.359508193,0.023810641,['图片']
197,201901041031016096,工商灵通卡||,[0.3639265863573181],no_trend,0.339978643,0.363926586,0.023947943,['工商']
248,201901041131021792,你行的转账支票||,[0.6574550873651966],no_trend,0.633426775,0.657455087,0.024028313,['支票']
25,201901020830936896,转人工找小智的师父吧||,[0.3682512368353451],no_trend,0.344172697,0.368251237,0.02407854,[]
274,201901060331091616,“转人工”找小智的师父吧~||,[0.3682512368353451],no_trend,0.344172697,0.368251237,0.02407854,['人工']
71,201901021130946496,有人没||,[0.3801357053525338],no_trend,0.355717634,0.380135705,0.024418071,[]
82,201901030230992896,你好房贷扣款一般在什么时间||,[0.38718356935844145],no_trend,0.362577588,0.387183569,0.024605981,['时间']
264,201901060131087584,查询余额方法||,[0.6321289542997218],no_trend,0.607385005,0.632128954,0.024743949,"['余额', '方法']"
327,201901140631364480,双人药。||,[0.629803836978397],no_trend,0.60500122,0.629803837,0.024802617,['药']
89,201901030230993856,没人？||,[0.3955160773446883],no_trend,0.370700881,0.395516077,0.024815196,['人']
156,201901031230988736,我需要住房贷款借据编号||,[0.4054399943642516],no_trend,0.380393978,0.405439994,0.025046016,"['住房', '贷款']"
52,201901021030942944,工银信使包年多少钱||,[0.6135226514784287],no_trend,0.588342207,0.613522651,0.025180444,"['信使', '钱']"
59,201901021130944608,如何查询房贷合同编号||住房贷款利息专项附加扣除需要信息填写||填写住房贷款利息专项附加扣除的合同编号是哪个？||,"[0.0036918088063594423, 0.028004052738627827, 0.04392630847158674]",no_trend,2.90115E-06,0.02520739,0.025204489,"['房', '合同', '住房', '贷款', '利息', '信息', '住房', '贷款', '利息', '合同']"
293,201901061231085504,是到午休时间了吗？||,[0.4132922569340366],no_trend,0.388077782,0.413292257,0.025214475,['时间']
106,201901030830976384,转人工如何转？||,[0.41740330251337954],no_trend,0.392105637,0.417403303,0.025297665,['人工']
218,201901041031018720,广丰支行||,[0.6069004496550076],no_trend,0.581582797,0.60690045,0.025317653,['支行']
114,201901030930978272,银行卡的支出收入情况如何可以在微信重提示||短信一个月多少钱||,"[0.11503200896230659, 0.9090596660536326]",neg,0.48669898,0.512045838,0.025346857,"['银行卡', '支出', '收入', '情况', '信', '月', '钱']"
236,201901041131020704,修改账号信息||,[0.6045001593436808],no_trend,0.579135119,0.604500159,0.02536504,"['账号', '信息']"
76,201901021230948768,我想查一下我卡上的余额||,[0.6029303488341335],no_trend,0.577534991,0.602930349,0.025395358,['余额']
280,201901060431094368,没有了，谢谢||,[0.5965665236051504],no_trend,0.571053717,0.596566524,0.025512806,[]
136,201901031130985824,帮我看人民币兑换台币汇率||,[0.5940729975635405],no_trend,0.568516555,0.594072998,0.025556442,"['人民币', '汇率']"
47,201901021030942400,工银信使包年多少钱渠道哪些||,[0.5883422073259084],no_trend,0.562690557,0.588342207,0.02565165,"['信使', '钱', '渠道']"
129,201901031030983936,添利宝在哪里买||,[0.4562954988205329],no_trend,0.430381983,0.456295499,0.025913516,[]
38,201901021030941120,那转人工吧||,[0.4584159939551943],no_trend,0.432477842,0.458415994,0.025938152,['人工']
151,201901031230988160,你好我想问问我还有一年多就还完放贷啦!剩下的想一次性还完，是否需要还利息或者是违约金之类的吗？||,[0.565434974712141],no_trend,0.539473223,0.565434975,0.025961752,['利息']
286,201901061031082240,定制余额变动||,[0.5646236314392167],no_trend,0.538652957,0.564623631,0.025970675,['余额']
162,201901040131024640,就没有留||,[0.4644808743169403],no_trend,0.438477391,0.464480874,0.026003483,[]
251,201901041231022528,境外解锁||,[0.4737672181921908],no_trend,0.447678459,0.473767218,0.02608876,[]
207,201901041031017600,人工该怎么播||,[0.4737672181921917],no_trend,0.447678459,0.473767218,0.02608876,[]
369,201901150431396288,能查询余额吗？||,[0.4737672181921917],no_trend,0.447678459,0.473767218,0.02608876,['余额']
376,201901150531398976,余额查询||,[0.4737672181921917],no_trend,0.447678459,0.473767218,0.02608876,['余额']
250,201901041231022496,登录密码怎么找回呀||,[0.5515260988882822],no_trend,0.525430814,0.551526099,0.026095285,['密码']
232,201901041131020064,查询贷款账号||,[0.5486976325915089],no_trend,0.522580233,0.548697633,0.026117399,"['贷款', '账号']"
202,201901041031016896,我在手机银行转账时显示无可用认证方式||,[0.5458879256297536],no_trend,0.519750243,0.545887926,0.026137683,"['手机', '银行', '方式']"
79,201901030130989792,查询一下江宁21世纪太阳城附近的黄金收购网点。||,[0.542511956402198],no_trend,0.516352119,0.542511956,0.026159838,"['世纪', '黄金', '网点']"
142,201901031230986944,我要人工服务。||,[0.4847555787424077],no_trend,0.458589039,0.484755579,0.02616654,[]
269,201901060131088640,需要人工服务||,[0.4847555787424077],no_trend,0.458589039,0.484755579,0.02616654,['人工']
292,201901061131085376,人工服务||,[0.4847555787424077],no_trend,0.458589039,0.484755579,0.02616654,['人工']
13,201901020230957632,我的卡里有余额为什么不能用||,[0.48706841575622895],no_trend,0.460888705,0.487068416,0.026179711,['余额']
368,201901150431395680,中职学生资助卡可以绑定到huaweipay吗||,[0.537616309744195],no_trend,0.511428638,0.53761631,0.026187672,"['学生', '卡']"
294,201901061231085856,忘记密码||,[0.4904171258290444],no_trend,0.464220322,0.490417126,0.026196804,['密码']
167,201901040431033664,麻烦帮我转一下或者提供个电话邮箱也行||,[0.49488310749055886],no_trend,0.468667149,0.494883107,0.026215959,"['电话', '邮箱']"
50,201901021030942592,你可以看看我还有几个贷款呢？||,[0.5],no_trend,0.473767218,0.5,0.026232782,['贷款']
318,201901140331357184,我这卡名字叫什么||,[0.5014094968379514],no_trend,0.475173043,0.501409497,0.026236454,['名字']
8,201901020230954816,东城区龙潭街道附近，开外币携带证，在哪？||,[0.5218004229783244],no_trend,0.495557479,0.521800423,0.026242944,"['街道', '外币']"
109,201901030830976800,还他妈有活着的吗？||,[0.5045931275820481],no_trend,0.478349911,0.504593128,0.026243216,[]
382,201901150731401536,每次输入密码都弹跳出来||,[0.5191251092000541],no_trend,0.492878035,0.519125109,0.026247074,['密码']
255,201901041231023200,安全中心||,[0.5092592592592594],no_trend,0.48300997,0.509259259,0.026249289,['中心']
72,201901021130946528,我的余额不对啊||,[0.5133192708250794],no_trend,0.487068416,0.513319271,0.026250855,['余额']
48,201901021030942464,您好，请问慰问礼包能不能快递到外地？||没了，你们这信息提醒不准啊，有漏掉的||,"[0.04688310672981755, 0.008672010388039997]",no_trend,0.000313905,0.027777559,0.027463654,['信息']
272,201901060131088864,这个美元也可以在上海办理结汇吗？||请问如果我的电话卡掉了，是不是也可以在上海补办呢？||,"[0.0009851679712866712, 0.06089001383861781]",no_trend,4.66562E-05,0.030937591,0.030890935,"['电话', '卡']"
249,201901041231022176,我要查一下房贷合同号，我的是组合贷，我看个税app需要填报两个贷款||有两个贷款合同号，能帮我查询一下吗||,"[0.0519048047438706, 0.022723211034030633]",no_trend,0.000928038,0.037314008,0.03638597,"['房', '合同', '号', '税', '贷款', '贷款', '合同', '号']"
352,201901150231388800,我想查询一下我注册银行卡的电话号码||需要身份证么？||,"[0.05882352941176472, 0.01629003758915415]",no_trend,0.00075469,0.037556784,0.036802094,"['银行卡', '电话', '号码', '身份证']"
311,201901140231353536,电话打过来，我打不通你们电话，15858364624||我的卡6222021204004573108每个月扣我4元9角2分是什么情况||请把多扣去的钱还我，没经过我同意就扣我钱||电话打了都是语音提示打不通。||今天短信费都浪费了多少钱啦？上面短信上面都搞不来。||你们就是个骗子工商银行就是个骗子，骗我的钱。||办的时候每个月信息费两元，现在扣了没经过我同意扣了多少钱？||骗子，骗子，骗子，骗子!||,"[0.0002111753760662971, 0.0005060168784504215, 4.9945227908687606e-05, 0.00391661271741639, 0.25335401270300995, 0.0033188554551336624, 0.0007808320900815069, 0.06407853964161747]",no_trend,0,0.040776999,0.040776999,"['电话', '电话', '卡', '月', '情况', '钱', '钱', '电话', '语音', '钱', '骗子', '工商', '银行', '骗子', '钱', '时候', '月', '信息费', '钱', '骗子', '骗子', '骗子', '骗子']"
373,201901150531398464,我的工资卡是中国工商银行卡，今天发现单位的转账账号和我的卡上的号码不一样，是怎么回事？||每个月工资也都有到账||,"[0.0822813285139431, 0.002168439998021743]",no_trend,0.000142161,0.042224884,0.042082723,"['工资', '卡', '工商', '银行卡', '单位', '账号', '号码', '事', '月', '工资', '账']"
198,201901041031016160,你好，贷款编号怎么查询||网上查不到么，必须去经办行？||噢，好的，谢谢||,"[0.9411408477302317, 0.23980419518227447, 0.19113028829578504]",pos,0.413472588,0.457358444,0.043885855,['贷款']
3,201901020130952320,你好!请问一下，Au（T+D）交易费是多少||你好!请问一下，Au（T+D）保证金是多少||,"[0.07931558711787434, 0.009704235636224023]",no_trend,0.000615656,0.044509911,0.043894255,"['交易', '保证金']"
158,201901031230989216,借记卡取款扣29元手续费？||还是不提示的直接扣？||,"[0.08605107627842878, 0.0020935199248045544]",no_trend,0.000144119,0.044072298,0.043928179,['手续费']
252,201901041231023008,能不能帮忙查询下我的贷款放贷银行是哪个支行||我想查放款的银行;还款的银行打电话说不是一个银行||这里可以通过身份证查询到吗||你们系统不是一个系统吗？||,"[0.12014979846328844, 0.027364483394247574, 0.004078623264780479, 0.026195227662141662]",no_trend,2.02908E-07,0.044447033,0.04444683,"['贷款', '银行', '支行', '款', '银行', '银行', '银行', '身份证', '系统', '系统']"
385,201901150731403328,我有张卡五六年没用了，前不久又用了，发现扣了10块钱，怎么回事？||你知道为什么扣钱吗？||,"[0.09082463874893953, 0.004297599382029449]",no_trend,0.000314541,0.047561119,0.047246578,"['钱', '事', '钱']"
44,201901021030942176,麻烦你帮我取消每月3元的信息.信使展期用，谢谢||早上还有400元，怎么到现在还有20元||,"[0.08805793730432854, 0.023230889954759082]",no_trend,0.001673051,0.055644414,0.053971362,"['信息', '信使', '展期']"
240,201901041131020832,咨詢借记卡，有关的事可以吗刀||我要咨詢的是借记卡手机银行里的，手机号，有关整合一事，问一下？||我要咨詢的是借记卡手机银行里，有关整合一事，问一下？||,"[0.005267244222319611, 0.0032006726477487035, 0.16134878021168753]",no_trend,1.93477E-06,0.056605566,0.056603631,"['事', '手机', '银行', '手机', '号', '事', '手机', '银行', '事']"
19,201901020730936256,我要在4号提前还10万的房贷||如何查询住房贷款编号？||上海分行崇明支行的电话号码多少||,"[0.02584754789320931, 0.1296205531482737, 0.03903220804095986]",no_trend,9.49219E-05,0.064833436,0.064738514,"['住房', '贷款', '分行', '支行', '电话', '号码']"
27,201901020830937376,手机银行转不了账也收不到验证码||你们这些人，那个说咨询这个，你说咨询那个，转来转去，就一个问题都转了几大圈，都没解决，不知是干什么吃的!||我要知道也不用问你们了!||,"[0.19314008723080067, 2.6614402781954816e-05, 0.010084451968862984]",no_trend,3.83877E-08,0.067750385,0.067750346,"['手机', '银行', '账', '人', '问题']"
366,201901150431395296,2个卡都开通融E联了，手机号是一个号，手机号无法绑在卡上||现在注册就显示第一个卡号，我想注册另一个卡号注册不上||我有2个卡，现在想注册融E连，但是注册的时候显示一张卡可能已经注册过了，我想注册另一张卡，怎么办理||我在注册添加的时候就显示一张卡，还不是我想绑定的那张||,"[0.006311736009584679, 0.0012260290709841248, 0.0016409350420609758, 0.2645752738564543]",no_trend,2.21033E-09,0.068438493,0.068438491,"['卡', '手机', '号', '手机', '号', '卡', '号', '卡', '时候', '可能', '时候']"
64,201901021130945344,你们客服电话是多少||你们下午几点上班办理业务||我的短信怎麼沒了||,"[0.10127094093433131, 0.08624036360376652, 0.024144137792880715]",no_trend,0.000155607,0.070551814,0.070396207,"['电话', '业务', '信']"
384,201901150731402848,我想取消短信通知服务||可以帮我短信服务重新进行扣费吗？前面没钱失败了||,"[0.08942139475175381, 0.060959438089064455]",no_trend,0.004630483,0.075190416,0.070559934,"['信', '通知', '信', '钱']"
17,201901020730936160,卡机出故障钱下了出钞口没出钱卡退出||一月二日，银行开门办公吗？||几点开门呀||,"[0.1341980066895031, 0.02315859832687972, 0.0634111197331706]",no_trend,0.000147131,0.073589242,0.073442111,"['故障', '银行']"
39,201901021030941664,我在APP上更新证件信息拍了身份证说我信息有误||证件有效期维护||,"[0.14980752842144707, 0.00048654244617341025]",no_trend,6.25868E-05,0.075147035,0.075084449,"['证件', '信息', '身份证', '信息', '证件', '有效期']"
246,201901041131021344,不能解决就帮我关闭会话，我找别人||都不回复||什么破玩意||,"[0.039799763862853, 0.09881584156971757, 0.09040296203094611]",no_trend,0.000267107,0.076339522,0.076072416,"['话', '玩意']"
122,201901030930980000,您好我预约了纪念钞，可以验货兑换不还是在兑换期内只是不是我预约兑换的那天因为那天临时有事？||验货=延期||,"[0.15748530647491454, 0.002496709004744413]",no_trend,0.000341294,0.079991008,0.079649713,"['货', '货']"
271,201901060131088832,我一直在打电话为什么无法接通人工客服||我的手机银行密码无法重新设置，我忘记了||没有办法设置啊||请发个附近营业厅地址给我吧||,"[0.08357613404118758, 0.05590888279336381, 0.1807962129560967, 0.0012962374864121662]",no_trend,7.41664E-07,0.080394367,0.080393625,"['人工', '手机', '银行', '密码', '办法', '营业厅', '地址']"
67,201901021130945600,"有一笔收入是92.67元应变成3249.46,啥变成3140.33呢||能详细算一下今天的收入与支出吗？||","[0.9658068665660554, 0.03229754671370888]",pos,0.407556233,0.499052207,0.091495974,"['收入', '支出']"
362,201901150331392608,我工行卡上欠3元的扣费，现在已有钱请扣吧!同时把明细信息发过来，||4127片12日需扣费3元，当时卡上余额不够，现在请扣吧!应该是消息服务类的吧，手机消费类，扣后才省信息的，谢谢||绑定手机银行类||,"[0.20530591034669332, 0.00101207797849856, 0.07929521697038533]",no_trend,1.48089E-05,0.095204402,0.095189593,"['信息', '卡', '余额', '消息', '类', '手机', '消费类', '信息', '手机', '银行', '类']"
348,201901150131387392,任何网点是否都可以||储蓄卡办卡||,"[0.07943191862474042, 0.1364170902604377]",no_trend,0.009848427,0.107924504,0.098076077,"['网点', '卡']"
123,201901031030981600,你好，我在工商银行办过组合贷款，我去哪里可以查询贷款合同号||书面合同已经遗失||,"[0.19559952243534506, 0.002439078722394905]",no_trend,0.000433665,0.099019301,0.098585635,"['工商', '银行', '贷款', '贷款', '合同', '合同']"
194,201901041031015936,你好~!可以打印么~!||我在网站上看到提供身份证和账户可以到营业网点打印这个是真的么||,"[0.0002131880118422247, 0.20285024692047826]",neg,4.39791E-05,0.101531717,0.101487738,"['网站', '身份证', '账户', '网点']"
364,201901150431394656,银行卡丢了怎么挂失||我问下我昨天刚领的u盾，重新补办要收费吗||昨天办的时候说不要钱，3个月内转账6次就可以减免||我都还没用，包被偷了，卡和u盾手机都在里边||给现金还是从卡里扣||,"[0.2056154504709674, 0.05120346997086067, 0.01792975604273428, 0.030382844041159207, 0.21393373367061075]",no_trend,8.45113E-07,0.103813051,0.103812206,"['银行卡', '时候', '月', '卡', '手机', '现金']"
116,201901030930978336,信使费是什么费？为什么要扣0.99？||是每天扣还是怎么样？||我要查询贷款合同编号||,"[0.04954120670256845, 0.2402740638872204, 0.03917402637956602]",no_trend,0.00044136,0.109663099,0.109221739,"['信使', '贷款', '合同']"
125,201901031030981888,是补办不了？||我想咨询下我之前的卡掉了，然后我去工商银行补办说补办不了，然后帮我注销了掉的那张卡，给我补办了一张新卡，薪资卡||,"[3.964780101883836e-05, 0.22572437268529033]",neg,8.43484E-06,0.11288201,0.112873575,"['卡', '工商', '银行']"
390,201901150931406944,交易不在受理时间内||我怎么绑定社保卡？||社保卡不是可以添加在这个app上吗||,"[0.1398032541559716, 0.10317736611655925, 0.10959072915665058]",no_trend,0.001359334,0.117523783,0.116164449,"['交易', '时间', '卡', '卡']"
160,201901031230989280,密码动态器是什么||密码器动态密码是什么||,"[0.09313899114500734, 0.17133977785034715]",no_trend,0.01526003,0.132239384,0.116979354,"['密码', '动态', '密码', '动态', '密码']"
375,201901150531398816,就是说一张卡会有两个账号？||那我平时自己转账就是输得卡号也可以是吧||好的，知道了，谢谢啦!||,"[0.7172908717489199, 0.4616329733917647, 0.32576993189533177]",pos,0.383380226,0.501564592,0.118184366,"['账号', '卡', '号']"
130,201901031130984384,我想问下对换泰铢的网点||需要预约吗||四川德阳有哪个网点可以换||,"[0.013729060973990626, 0.33333333333333337, 0.017561529842835655]",no_trend,7.35826E-05,0.121541308,0.121467725,"['泰铢', '网点', '网点']"
112,201901030930977728,我的贷款合同编号||可以网上查嘛||,"[0.19095923013428318, 0.10377510447575944]",no_trend,0.019553815,0.147367167,0.127813352,"['贷款', '合同']"
337,201901140731368128,怎么把密码查询到||我的银行卡密码忘了工商银行卡的||,"[0.09959086341320333, 0.1989480838050388]",no_trend,0.019651713,0.149269474,0.12961776,"['密码', '银行卡', '密码', '工商', '银行卡']"
134,201901031130985440,我的天，这个回复速度，孩子都生出来了||我已经打电话解决了||,"[0.11400823320291376, 0.20515435862699394]",no_trend,0.023662774,0.159581296,0.135918522,"['天', '速度', '孩子']"
159,201901031230989248,搞煞了||我想知道存定期利率是什么意思||,"[0.160678120799436, 0.17643975775694065]",no_trend,0.029059181,0.168558939,0.139499759,"['利率', '意思']"
354,201901150231390368,会扣钱吗？||预定了猪币，不去领，回扣钱吗？||,"[0.006633465322793186, 0.27757273361120205]",neg,0.001868799,0.142103099,0.140234301,"['回扣', '钱']"
383,201901150731402656,方便打电话说吗||一句两句说不清楚||,"[0.21266126000797447, 0.12062499379667913]",no_trend,0.026324818,0.166643127,0.140318309,[]
301,201901061231087232,一个月收费多少，怎么收费的||我有多少钱扣的还是就是一个月的收费什么的||你们不是发了这个嘛||,"[0.2030476595947549, 0.15922193812566066, 0.06958999468499871]",no_trend,0.002129949,0.143953197,0.141823249,"['月', '月']"
349,201901150131387488,同时请你查下6222023202047202022是不是一类借记卡||我要投诉了啊||你是不是人工啊||,"[0.3452787547128301, 0.0780669144981413, 0.014914960969359736]",pos,0.000399753,0.146086877,0.145687124,['人工']
108,201901030830976576,我没有u盾，怎么整合手机号||我忘了我有没有了，有的话估计也丢了||13396319369这个我都不用了，||去银行换成15588341168||我不去营业厅不能改了么，||我出国之前，我改的手机号，为什么不把以前的号码都清除掉||我提供信息也不行么||只能去柜台？||带电话能不能办理？||,"[0.07025241015431427, 0.20628652104375522, 0.18457819098254624, 0.009783616779002191, 0.08414595764348787, 0.22055118551536457, 0.36834573128374615, 0.1940227791291741, 0.029213239623682052]",no_trend,9.98086E-10,0.151908848,0.151908847,"['手机', '号', '话', '银行', '营业厅', '手机', '号', '号码', '信息', '柜台', '电话']"
260,201901041231024448,我的银行卡丢失了||卡号忘记了||,"[0.2827268689344363, 0.5625819352222369]",neg,0.270041759,0.422654402,0.152612643,"['银行卡', '卡']"
380,201901150631400768,您好刚才我给自己工行账户转账时提示转账金额超过限额这个怎么调整呢？我是用手机银行转账||我当前转账的卡没有注册手机银行没有网银是通过其它卡添加的||刚才试过了总是失败识别不了我明天再试试吧谢谢||,"[0.08019901378786143, 0.18341370703587723, 0.20457959283007476]",no_trend,0.002970394,0.156064105,0.153093711,"['账户', '金额', '限额', '手机', '银行', '卡', '手机', '银行', '网', '卡']"
60,201901021130944768,您好，我想把我缴费的明细打印出来该怎么弄呢||麻烦您帮我看一下||,"[0.28233069511228925, 0.061129152735129866]",pos,0.018348265,0.171729924,0.153381659,[]
187,201901040931014368,想查询贷款合同编号||就是我本人并没有去你们银行办过贷款，但是今天早上却提醒我还贷||,"[0.29118992272972144, 0.05305109763561855]",pos,0.016517423,0.17212051,0.155603088,"['贷款', '合同', '人', '银行']"
31,201901020930938400,早上7点多收到这样一条短信||但是那时我还在睡觉，没有进行任何相关操作||请问是怎么回事||OK只要不泄露就行对吗||,"[0.051274523613565215, 0.04419272611222569, 0.4464765890527038, 0.09462104706196994]",no_trend,0.000295639,0.159141221,0.158845583,"['信', '事']"
254,201901041231023168,以前不是能限制只用用户名登入的吗？||卡号登入挺不安全的||什么原因不能呢||可是用卡号登入说个很大漏洞。今天有个有心人用我的卡号登入，密码错误好几次，导致我的账户被锁了||强制使用卡号登入的规定太不人性化了||,"[0.23191161511280534, 0.009957898921201025, 0.4390243902439026, 0.08307729038515521, 0.04604502663156196]",no_trend,4.03884E-06,0.162003244,0.161999205,"['用户', '卡', '号', '原因', '号', '漏洞', '有心人', '密码', '账户', '规定']"
111,201901030830977344,为什么公积金查询报错||以前也是，有时候可以查有时候查又报错，什么鬼||,"[0.24005435364653915, 0.18083028877447638]",no_trend,0.048420657,0.210442321,0.162021665,"['公积金', '报', '鬼']"
45,201901021030942272,人工客服，我昨天未办余额前从支付宝转到贵行26元多的款未见到帐。请帮助查询。||未办余额变动服务前||请转人工客服!||请转人工客服，小智的师父||人工客服，小智的师父，我昨天18.28分试转25.86元到贵行，今天去贵行办的余额变动服务。昨天从支付宝转到贵行的25.86元沒在我的帐上。||我的卞号:b2122b2502028121773||,"[0.4737672181921908, 0.0007638954630646566, 0.03804314241865003, 0.02430411337647076, 0.43512678769790336, 0.00025728493405341446]",no_trend,4.70219E-11,0.16204374,0.16204374,"['余额', '宝', '余额', '人工', '余额', '宝']"
279,201901060431093728,我前两天为什么会扣我一个5块钱跟一个3块钱||能帮我查一下吗？||,"[0.3278564797014907, 0.0024469627613599165]",pos,0.000872359,0.165151721,0.164279362,"['钱', '钱']"
78,201901030130989472,麻烦我想查一下开户行||但是卡号显示错误||是工行的卡号啊||一直显示h2210卡号非法||那为什么我打电话什么都是说卡号非法啊||开户网点全称有吗||我还有几个能帮我一起查一下吗||我之前也是用这个方法在公众账号上查的但是就是说我卡号非法||,"[0.48959298233733484, 0.3278564797014907, 0.07033926158764858, 0.03634550563404626, 0.027552326884760614, 0.1373774487810796, 0.06573794506413178, 0.16561890556719516]",no_trend,1.74112E-08,0.165052607,0.16505259,"['号', '错误', '卡', '号', '网点', '方法', '公众', '账号']"
140,201901031130986720,理财金账户卡||整合后，我还能收到银行三个帐上手机短信吗||人工台服务电话多少，谢||,"[0.2644733082368136, 0.002622012494163606, 0.2292548408118823]",no_trend,0.000166276,0.165450054,0.165283778,"['账户卡', '银行', '手机', '信', '人工', '电话']"
186,201901040931014208,我查一下房贷贷了多少年||贷30万每月是还2600||你算一下是贷的多少年的||,"[0.33058791057823556, 0.6988423449594695, 0.3572406609954849]",no_trend,0.295003229,0.462223639,0.16722041,['房']
120,201901030930979488,我想查询贷款编号||开户行电话一直打不通||网上可以查到吗||贵溪支行电话||,"[0.19889343364433254, 0.19095923013428318, 0.08353989218426705, 0.19930119136898383]",no_trend,0.000637022,0.168173437,0.167536415,"['贷款', '电话', '支行', '电话']"
289,201901061031082816,你好，我想这张卡转发到那张卡，怎么转，自己的卡||请问工行内本人银行卡怎么转账？||想问一下，70周年纪念钞2月份还有一次预约吗？||2月22日至2月28日现场兑换有没有||,"[0.0011179371941456573, 0.39334706566762645, 0.24445649697987681, 0.03898108757318397]",no_trend,1.02704E-05,0.169475647,0.169465376,"['卡', '银行卡', '月', '月']"
77,201901021230949472,我的卡被取款机吞了||我的短信提醒怎么没了？||,"[0.18784902958321714, 0.2695422424670809]",no_trend,0.058630725,0.228695636,0.170064911,"['卡', '信']"
28,201901020830937440,我怎么查看我的房贷每个月还多少钱||显示没有||,"[0.3401360544217684, 0.018921677299077677]",pos,0.007202384,0.179528866,0.172326482,"['月', '钱']"
295,201901061231085888,手机银行登录密码忘记||你好我想知道有过存折就不能办理一类卡了吗||,"[0.1601129350306566, 0.29656169603070315]",no_trend,0.055399285,0.228337316,0.17293803,"['手机', '银行', '密码', '存折']"
164,201901040331032256,我想咨询一下申请贵行留学贷款的事情||请问是联系谁呢||,"[0.0943396226415093, 0.322190866551354]",neg,0.034872307,0.208265245,0.173392938,"['贷款', '事情']"
63,201901021130945152,请问这个扣款是什么东西||我没买东西啊||,"[0.3400739824020388, 0.03168775401483637]",pos,0.012156365,0.185880868,0.173724504,"['款', '东西', '东西']"
217,201901041031018688,你好，麻烦问一下，我应该去哪里领取？||我是济南的，在手机APP上预约的||,"[0.3399828435591786, 0.03820015089889306]",pos,0.014709829,0.189091497,0.174381668,['手机']
155,201901031230988704,你好我想查贷款银行的电话||九龙坡支行||重庆九龙坡支行的||中午休息吗？||,"[0.2504041006771297, 0.1633163574293005, 0.18972957770779553, 0.09736654964364577]",no_trend,0.000788956,0.175204146,0.17441519,"['贷款', '银行', '电话', '坡', '支行', '坡', '支行']"
199,201901041031016192,好的，谢谢亲||打电话已经咨询了||,"[0.0903535949499642, 0.8537480061730954]",neg,0.297317849,0.472050801,0.174732952,[]
320,201901140331358368,我的储蓄卡收不到余额变通短信。||我没有手机银行。||,"[0.35084349974683127, 0.003184898304442685]",pos,0.001258518,0.177014199,0.175755681,"['卡', '余额', '信', '手机', '银行']"
324,201901140431360320,你们银行随便转出私人钱，应该投诉你们工行||请问社保卡不能网上查询余额吗||登录总是显示密码不对||信息代码:96114657||,"[0.5746308593108054, 0.10838857759013143, 0.010127289252183425, 0.010043779079068504]",no_trend,9.07705E-06,0.175797626,0.175788549,"['银行', '私人', '钱', '卡', '余额', '密码', '信息', '代码']"
282,201901060931080544,转人工||怎么能查询到首次还贷日期||,"[0.2790091023395963, 0.4584159939551943]",no_trend,0.192913969,0.368712548,0.17579858,['人工']
377,201901150631399584,绑定不了卡||提示这个错误||,"[0.33852062980918596, 0.06313650111908875]",pos,0.024549331,0.200828565,0.176279234,"['卡', '错误']"
90,201901030230994240,请问，购汇的额度是如何具体规定的||我具体说我的情况吧||,"[0.2723146984555762, 0.25246209987260493]",no_trend,0.084438285,0.262388399,0.177950114,"['额度', '规定', '情况']"
57,201901021130944288,办中国工商银行卡帮定微信可以吗||需要咨询的问题||,"[0.31683168316831667, 0.174797190100482]",no_trend,0.066891093,0.245814437,0.178923343,"['工商', '银行卡', '问题']"
253,201901041231023072,想问问我的网银||现在人工想取消信用卡，可不可以保留网银盾||,"[0.01712274778438172, 0.3572873455804849]",neg,0.007017427,0.187205047,0.18018762,"['网', '信用卡', '网']"
307,201901140131350624,请问我的社保信息里填的是工商卡||就是社保的钱打到我的这个卡上是么||那这个钱是报销的钱么，或者以后的养老钱都会打到这个卡上是么||我们工行卡可以跨境取款吗||收手续费吗||,"[0.010225663608336988, 0.7085923308003611, 0.056401064573066595, 0.058476226406993126, 0.0686312569219899]",no_trend,2.67043E-06,0.180465308,0.180462638,"['信息', '钱', '卡', '钱', '钱', '卡', '手续费']"
91,201901030230994432,为什么我查不了开户行||但是我银行卡预留的就是我的手机号码啊||,"[0.10189758015755146, 0.3427241190359027]",neg,0.041384777,0.22231085,0.180926072,"['银行卡', '手机', '号码']"
343,201901150131385376,我想查询房贷信息||当时申请银行卡用的是军官证件||房贷报税查询||但还是查询不了||因为我不是用什么证办的卡||辽宁省大连市旅顺口支行||,"[0.378367475393964, 0.1681737047597378, 0.2086627918123508, 0.04274468027979317, 0.012741588066924492, 0.2774324543252158]",no_trend,2.26137E-06,0.181353782,0.181351521,"['房', '信息', '银行卡', '军官', '证件', '税', '卡', '支行']"
361,201901150331392544,纪念币修改||只能查询||我要修改时间啊||【收到不支持的消息类型，暂无法显示】||数量也改不了啊||,"[0.08482648968353923, 0.0135221224488985, 0.18052883102613848, 0.2691684818723401, 0.3613907057654714]",no_trend,2.26684E-05,0.181887326,0.181864658,"['纪念币', '时间', '消息', '类型', '数量']"
391,201901150931406976,信使添加一张可以吗||信使添加一张新卡可以吗||,"[0.2873399284956355, 0.30931769940310583]",no_trend,0.116424643,0.298328814,0.181904171,"['信使', '信使']"
288,201901061031082560,如何开通短信服务？||如何开通余额变动提醒||,"[0.33807943904198157, 0.22297464524827126]",no_trend,0.096619586,0.280527042,0.183907456,"['信', '余额']"
165,201901040331032352,贷款金额，利率和还款期限和贷款金额||还有申请贷款需要什么材料||,"[0.22780196188915203, 0.3482593636777245]",no_trend,0.103164629,0.288030663,0.184866034,"['贷款', '金额', '利率', '期限', '贷款', '金额', '贷款', '材料']"
143,201901031230986976,怎样查看电子银行承兑的被背书企业？||电子银行承兑背书以后，在票据背面看不到被背书企业吗？||你们真厉害||,"[0.36361123745201185, 0.48756738707477565, 0.5474147772718303]",no_trend,0.280018026,0.466197801,0.186179774,"['电子', '银行', '书', '企业', '电子', '银行', '书', '票据', '书', '企业']"
51,201901021030942912,你好，我想咨询一下，工行同一个人可以办理多少张卡||同一用户可以在工行办理卡的数量最多几张||能帮忙解答一下么||[囧]在的话帮忙解答一下||我这边发现一个用户好像持有几十张工行卡，银联说银行卡认证一般只验证身份证后6位，这个用户利用这种规则，随意更换身份信息中间几位，返回的都是一致的||这种用户应该存在风险吧||感谢，不需要了，我们先让用户做下实名看下身份信息是否是假的||,"[0.08715742126221449, 0.2804616047584071, 0.002749002041173343, 0.374591754421974, 0.40814525317616224, 0.019034309085185996, 0.1569256428686856]",no_trend,3.90694E-08,0.189866427,0.189866388,"['人', '用户', '卡', '数量', '话', '用户', '银行卡', '身份证', '用户', '规则', '身份', '信息', '用户', '风险', '用户', '身份', '信息']"
374,201901150531398752,无法登陆||提示登陆密码太弱，需要重置密码才能使用，按步骤操作，又总提示开户卡密码错误||,"[0.05157161380665887, 0.375]",neg,0.023254143,0.213285807,0.190031664,"['密码', '密码', '步骤', '密码', '错误']"
321,201901140431358688,定期查利息||定期一本通查利息||,"[0.37807258150573353, 0.1773134896468126]",pos,0.087266617,0.277693036,0.190426419,"['利息', '利息']"
299,201901061231086880,麻烦你帮我把那卡的户消除||银行卡消户，没有贷款，只是没用了||那能不能办理跟存折绑定的一类银行卡||因为我的存折消不了户||,"[0.257076052654988, 0.07671812321185112, 0.25063260146533506, 0.18291633206494562]",no_trend,0.00103103,0.191835777,0.190804747,"['银行卡', '贷款', '存折', '银行卡', '存折']"
241,201901041131020960,是你行储蓄卡||是你行我后位0990的卡里每扣费还款199.35||,"[0.3937847198345461, 0.09523255574668132]",pos,0.052508544,0.244508638,0.192000094,"['储蓄', '卡']"
55,201901021030944032,专业版网银能不能修改电子渠道签约手机号，银行卡预留手机号||网银修改需要U盾嘛||,"[0.38329970102421107, 0.12443624164459999]",pos,0.0605558,0.253867971,0.193312172,"['专业', '版', '网', '电子', '渠道', '手机', '号', '银行卡', '手机', '网']"
2,201901020130951840,我想咨询一下关于个人住房贷款的事情||我想了解一下，工商银行的住房贷款可以转吗？比如原来是甲的、现在要转给乙。||房产证是原本也有乙的名字，只是贷款时是甲一个人贷款的||有没有人啊||,"[0.3955160773446883, 0.047937208355002925, 0.1093295847412038, 0.22733549293663635]",no_trend,0.000570093,0.195029591,0.194459498,"['个人', '住房', '贷款', '事情', '工商', '银行', '住房', '贷款', '房产', '名字', '贷款', '甲', '个人', '贷款', '人']"
284,201901060931080960,我人不在国内，我在台湾这样子有没有影响||还是我有时间回去的时候再办理可以吗||,"[0.16706368207288003, 0.6417909147363697]",neg,0.207753698,0.404427298,0.196673601,"['时间', '时候']"
66,201901021130945440,个税有个房贷扣除。需要填合同编号。||合同编号上含有汉字，无法输入||,"[0.39546589803355436, 0.0008185658948112184]",pos,0.000390921,0.198142232,0.197751311,"['税', '合同', '合同']"
56,201901021130944224,我的质押贷款可以二次提款么||我提前还款后，有可提现额度，但是我申请提款就显示超出限额||,"[0.16836266153252621, 0.6269298062585601]",neg,0.198882918,0.397646234,0.198763316,"['贷款', '额度', '限额']"
237,201901041131020736,修改软件密码||个人贷款||,"[0.5, 0.17933535698587144]",pos,0.137532206,0.339667678,0.202135473,"['软件', '密码', '个人', '贷款']"
341,201901140831369632,您好下午的聊天记录您这边可以查看到吗||[不关心][不关心][不关心][不关心]||点开是在公众号里面||这么高冷的吗都不回复消息||[喜泣][喜泣][喜泣]||十几分钟还不回消息吗||我现在居住的地方？||陈玉花联系号码是17666124460工商银行卡预留手机号码是18729234403版本3.1.7手机是苹果8P||目前居住地是广东深圳||我有两张工商卡||明天能回复吗||电话联系我？||请问天燃气有涨跌幅限制吗||能源有涨跌限制吗||请回答!||原油和天燃气都没有吗||短信通知||储蓄卡，信用卡信息短信通知||,"[0.005408801998538659, 0.14711231646389167, 0.15544546250393876, 0.11679520648927266, 0.08259403221119643, 0.015370091929290508, 0.23448275862068968, 0.06959545753416674, 0.0322495698317925, 0.332796712669557, 0.15600509610972735, 0.290839679819728, 0.11416790825456369, 0.39649036561138595, 0.040145219631203766, 0.3228699372295243, 0.9441024551263305, 0.22999121354587648]",neg,2.22045E-16,0.20480346,0.20480346,"['公众', '号', '消息', '消息', '地方', '玉', '号码', '工商', '银行卡', '手机', '号码', '版本', '手机', '苹果', '居住地', '工商', '卡', '电话', '燃气', '能源', '原油', '天', '燃气', '卡', '信用卡', '信息', '信', '通知']"
339,201901140831368704,我的银行卡不在我身上||但是身份证手机都是我的||我想给银行卡绑定个短信通知||可我忘了银行卡号，怎么办||你能帮我查一下我的银行卡号吗||,"[0.18899883504812187, 0.2133417829908959, 0.05982831796158461, 0.07319147818087868, 0.5285307893610727]",no_trend,0.000138337,0.212778241,0.212639904,"['银行卡', '身份证', '手机', '银行卡', '信', '通知', '银行卡', '号', '银行卡', '号']"
81,201901030230992672,我用支付宝还的||我1号房贷还款了，为什么3号还发短信给我说我逾期啊？？？？||,"[0.0019108417252255983, 0.43804947002491135]",neg,0.006410038,0.219980156,0.213570118,"['宝', '信']"
104,201901030730975904,我的收不到余额变动提醒了||接收手机号是银行卡绑定的手机号吗||嗯电脑登录网上银行网址是哪个||定制余额变动提醒||,"[0.48918768680507474, 0.1921440539995889, 0.06738534703548349, 0.11308395290391549]",no_trend,0.001004991,0.21545026,0.21444527,"['余额', '手机', '银行卡', '手机', '号', '电脑', '银行', '网址', '余额']"
216,201901041031018624,那怎么才能退回来||体验有礼活动是怎么抽奖？已经绑卡查询了||,"[0.7858466922170604, 0.0981208365385633]",pos,0.225605432,0.441983764,0.216378332,[]
300,201901061231086944,我想问一下!我孩子的卡，怎样才能绑定融E联!||在微信公众号绑定都说信息有误!卡号和身份证号码都没有错的啊!||或者在这个公众号查询也可以!但是就是绑定不了卡||我没有绑我的卡!||我没有在公众号绑过卡||信息输入没有错误的!就是绑不了[Facepalm]||会不会是预留手机号的问题？||我孩子只有几岁!卡是用来缴学费的!开卡的时候预留的手机号是我的手机号!||,"[0.10488425485758346, 0.12270639006095518, 0.19269356735753151, 0.31408055076089847, 0.21496704105330156, 0.03496707752977146, 0.0009144726379871626, 0.763339341504089]",no_trend,1.20595E-08,0.218569087,0.218569075,"['孩子', '卡', '公众', '号', '信息', '卡', '号', '身份证', '号', '公众', '号', '卡', '卡', '公众', '号', '信息', '手机', '号', '问题', '孩子', '卡', '学费', '时候', '手机', '号', '手机']"
388,201901150931406208,是组合贷||商贷的我查到了公积金的查不到啊||,"[0.12141444455469175, 0.7006686373743349]",neg,0.190972688,0.411041541,0.220068853,['公积金']
233,201901041131020320,13年的查不了||贷款经办行在哪里可以知道？||,"[0.4737672181921908, 0.08240609967804757]",pos,0.055713574,0.278086659,0.222373085,['贷款']
211,201901041031017952,房贷信息，填报新个税使用||好的，谢谢，我去问经办行||,"[0.6611979212154816, 0.12646460665964887]",pos,0.170932655,0.393831264,0.222898609,"['房', '信息', '税']"
177,201901040831012192,没说要收钱啊，||这上面开卡不是免费吗？||,"[0.45199945494106586, 0.026838853631023785]",pos,0.016328546,0.239419154,0.223090608,['钱']
200,201901041031016288,我在官网申请电子银行||总显示系统繁忙||,"[0.5646943225764254, 0.12258264028044952]",pos,0.116804603,0.343638481,0.226833878,"['电子', '银行', '系统']"
213,201901041031018208,18年是2元19年是3元扣费||我不用余额信息费||,"[0.48706841575622895, 0.07400773022803375]",pos,0.052474978,0.280538073,0.228063095,"['余额', '信息费']"
265,201901060131087808,网上怎么定期转活期||我身份证名字没有换地址换来应该怎样搞||没有u盾||我是你们的客户可以到柜台拿新的零钱吗||有分的吗，忘记了||,"[0.5646621276586085, 0.19456224845491377, 0.2784174005786142, 0.0006704087724427321, 0.11255408645868303]",pos,3.99698E-06,0.230173254,0.230169257,"['身份证', '名字', '地址', '客户', '柜台', '钱']"
61,201901021130944800,我要扣税||需要贷款合同编号||商贷和公积金贷款的合同编号||我需要填写||这是我的还款账户||,"[0.40306518103660505, 0.4545454545454545, 0.08580078030361948, 0.10377510447575944, 0.11897762732495032]",pos,0.000320787,0.23323283,0.232912043,"['税', '贷款', '合同', '商贷', '公积金', '贷款', '合同', '账户']"
332,201901140631365472,我的银行卡能不能做银行卡工资流水||就是贷款的时候不是要银行流水了||到时候能不能打出来||现在公司给现金，我存进去行不行||我主要这张卡是金卡，好像是理财卡||什莫意思||我这张卡能做流水吧？||好的清楚了||这些开通的有手续费吗||太原卡在忻州工商存取钱有手续费吗||太原其他银行，外地的其他银行有手续费吗||我的卡算什么卡||算不算金卡||工商一般有几种金卡||想我这卡在国内工商自助存取款是没有手续费吧||,"[0.07560992636180441, 0.1837233963534416, 0.3926526197795571, 0.2771247798995966, 0.006829850305818508, 0.006080007479376315, 0.021359271731016816, 0.6558628208940429, 0.20790351011270647, 0.8145528290545306, 0.2550842091826786, 0.017586130442529546, 0.3693910911319984, 0.09980406661850272, 0.1301266198978943]",no_trend,2.59792E-14,0.234246075,0.234246075,"['银行卡', '银行卡', '工资', '流水', '贷款', '时候', '银行', '流水', '时候', '公司', '现金', '金卡', '卡', '流水', '手续费', '卡', '工商', '手续费', '银行', '银行', '手续费', '卡', '工商', '工商', '手续费']"
173,201901040831011808,想问下我的卡限额10万||能不能改||就是从卡里转钱去支付宝||说限额了||那我可不可以再办一张工行卡||怎么跨行转账…||,"[0.8237378508181274, 0.07661234768905945, 0.10339712754262065, 0.15114725840432042, 0.2535900923416914, 0.0282467620069915]",no_trend,3.14368E-05,0.23945524,0.239423803,"['卡', '限额', '钱', '宝', '限额']"
259,201901041231024352,账户外汇和外汇买卖两个不一样吗||都是人民币交易吗||外汇买卖钞和汇都可以吗||账户外汇交易有星点值吗||账户外汇||,"[0.40306518103660505, 0.1769610307627345, 0.2188576778700222, 0.32494018877632525, 0.08173111169553393]",no_trend,0.000676715,0.241111038,0.240434323,"['账户', '外汇', '外汇', '人民币', '外汇', '账户', '外汇', '交易', '账户', '外汇']"
359,201901150331391904,？？没有电话怎么打啊，压力好大...||没有国内的电话号码||就是我主要的问题||,"[0.5262327818078083, 0.16895419368658537, 0.21827580481501752]",pos,0.053379356,0.304487593,0.251108237,"['电话', '压力', '电话', '号码', '问题']"
322,201901140431358752,没有添加电子银行的||我报账号你可以帮查到吗||可以查到我现在有多少钱吗||这行取款，但为什么没有显示余额的？||上面显示我是不是只取42元？||,"[0.1544954535472579, 0.8713110846466673, 0.27757273361120205, 0.5315622537665223, 0.5868962338638697]",no_trend,0.229456384,0.484367552,0.254911168,"['电子', '银行', '报', '账号', '钱', '余额']"
99,201901030330996768,想问一下，上海哪些工行可以换得到俄罗斯卢布啊||网点预约没有地方可以查的到换卢布啊||不可能让我一个一个网点问吧||,"[0.026969742820531883, 0.0050388747349062735, 0.736908199615585]",neg,0.000232498,0.256305606,0.256073108,"['卢布', '网点', '地方', '卢布', '网点']"
308,201901140131350720,你好周六有人从建行向我的工行卡打款||想知道何时会收到这笔款项||到今天一直没收到||你们可以协助查询吗？||对方有提供水单||资讯都是正确无误的||,"[0.7365891208984793, 0.11187647022952785, 0.0879745933408419, 0.07777777777777795, 0.1617181431567476, 0.38178220867808355]",no_trend,0.000107518,0.259619719,0.259512201,"['对方', '水', '资讯']"
345,201901150131385728,你好我之前有一笔钱转到澳门一直没有到||一直显示在中转行||就是长时间没有到账||,"[0.2839298969972178, 0.3439030318137254, 0.3129954080899757]",no_trend,0.053036015,0.313609446,0.260573431,"['钱', '时间', '账']"
298,201901061231086432,您好，想咨询一下||我年底用积分兑换了商品||但是有一个需要退货||退货以后会退回积分给我吗？||去年的积分兑换的时候，是30号过期作废||现在退货，是不是就退回积分直接作废不能再兑换了？||也就是我的退货积分可以继续使用了？||知道了，谢谢||我没有别的问题了||好的，再见||,"[0.7905660997233083, 0.5262327818078083, 0.5965665236051504, 0.03712935026094677, 0.0008730295205020555, 0.17338096621103927, 0.004094785441828397, 0.098427541578327, 0.1097731820256721, 0.2752191179525034]",pos,1.25198E-10,0.261226338,0.261226338,"['积分', '商品', '货', '积分', '积分', '时候', '货', '积分', '货', '积分', '问题']"
115,201901030930978304,跨行转账怎么还没有到账||跨行汇入的话我需要办理什么东西吗||我需要拿银行卡去哪里接收呢||,"[0.38323210986280176, 0.2941592029029225, 0.4786085656956337]",no_trend,0.123264128,0.385333293,0.262069165,"['账', '话', '东西', '银行卡']"
309,201901140131350784,每月支出2元的那个可以取消吗||怎么登手机银行呢||,"[0.5900724543580786, 0.05802714175335799]",pos,0.060774609,0.324049798,0.263275189,"['支出', '手机', '银行']"
150,201901031230987904,能查到我的贷款合同编号吗？||工银e联如何关联工行借记卡账户||,"[0.9064579015377551, 0.035642904387270136]",pos,0.207204142,0.471050403,0.263846261,"['贷款', '合同', '账户']"
65,201901021130945376,我积分加钱||买的东西||单号||,"[0.2500000000000001, 0.5110223394450175, 0.10438607066300842]",no_trend,0.02345203,0.28846947,0.26501744,"['积分', '钱', '东西']"
363,201901150331393248,这个现在怎么处理？||之前负责我案子的网点儿负责人||说她会把我的情况继续申报||但是我今天没有收到你们的电话||也没人理我||这事儿是不是就不了了之了？||,"[0.018822312987806122, 0.08661221489847859, 0.14186374380684486, 0.6010359635316309, 0.22318426964062044, 0.5262327818078083]",neg,4.55332E-05,0.266291881,0.266246348,"['案子', '网点', '负责人', '情况', '电话', '事儿']"
365,201901150431394816,纪念币预约记录在哪里查询？||说活动结束了||我预约了，但是忘记哪天去买了||,"[0.2996854026213823, 0.4823205310889811, 0.259407208999351]",no_trend,0.076298657,0.347137714,0.270839057,['纪念币']
102,201901030730975680,我没有这些软件。不懂得弄||现在没有信息提示了||你好。余额提示没有了||,"[0.5835540114425816, 0.40711553837320447, 0.20253038330946593]",pos,0.126284895,0.397733311,0.271448416,"['软件', '信息', '余额']"
228,201901041131019744,我要去广州领吗？||这个预约的200元是去了付还是我已经付给银行了？||济南没有兑换的网点吗||是不是已经预约完了？||晕，好的，谢谢，没事了||,"[0.3030406127780364, 0.47006050618736195, 0.1208808571438601, 0.0602217042141342, 0.41653692727255]",no_trend,0.000941831,0.274148122,0.27320629,"['银行', '网点']"
221,201901041031018976,我忘记卡号了||我想还款||我在上班没有时间怎么办||,"[0.2076558062730508, 0.5180297910986704, 0.2827268689344349]",no_trend,0.061625306,0.336137489,0.274512183,"['卡', '号', '时间']"
319,201901140331357280,这卡还扣费||开换卡费是什么||我看扣费信息才知道以后还有有什么费用么||不知道||跟没讲一样||,"[0.47144794230633835, 0.3693910911319984, 0.14573831753190214, 0.12982734038891808, 0.2771247798995966]",no_trend,0.001977208,0.278705894,0.276728687,"['信息', '费用']"
193,201901041031015872,我想问，为什么我在手机银行APP无法转账呢||今天一共只能转出5万||怎么样才可以一下子转出几十万啊||,"[0.459603712768786, 0.07064146599521304, 0.36597338020754355]",no_trend,0.021594542,0.29873952,0.277144978,"['手机', '银行']"
5,201901020130953984,查询卡号||中间几位记不住了||621226中间记不住，尾号9899||我解绑超级网银时，工行提示这个错误吗，什么意思呢||,"[0.5791888701405804, 0.11820285335858494, 0.3434438765841017, 0.09232922044723046]",no_trend,0.005773086,0.283291205,0.277518119,['卡']
18,201901020730936192,纪念币何时才能再预约||下次何时，公众号会有推送么||好的，了解了，谢谢||,"[0.7172908717489199, 0.4080463577257579, 0.13967777875008736]",pos,0.143798678,0.421671669,0.277872991,"['纪念币', '公众', '号']"
1,201901020130951680,昨天收款||金额190元||没有到账||,"[0.23684210526315785, 0.2509638907150682, 0.618866827617523]",neg,0.090796686,0.368890941,0.278094255,"['金额', '账']"
96,201901030330995808,40周年纪念币错过预约兑换时间现在还可以去网点兑换码||可以修改兑换个数吗||你好，我想改手机号码可以吗。||明天去办理可以吗||,"[0.1330887093079658, 0.20280110413669306, 0.6045001593436817, 0.20381709961156413]",no_trend,0.007272569,0.286051768,0.278779199,"['纪念币', '时间', '网点', '个数', '手机', '号码']"
26,201901020830937216,请问我的银行卡临時挂失了，現在我的身份证在老家那边，请问有什么办法把卡里的钱取出来||我的身份证记得||我的身份证号记得||这个卡临時被我姐挂失了，我現在急需||帮我查一下还有多少天||,"[0.21293770794095102, 0.9284459908214884, 0.09824623577192626, 0.17033436357435905, 5.7412074508822464e-05]",pos,1.75188E-06,0.282004342,0.28200259,"['银行', '身份证', '老家', '办法', '钱', '身份证', '身份证', '号']"
267,201901060131088160,人工客服||如果存5万以内的钱呢？让朋友帮助存？还用带身份证吗？是储蓄卡||如果存1.5万或存2万，人工让别人帮助存吗？签字咋办？||自助机，存款是，别人最多可以帮助存多少钱呢？||自助机，存款时!无论是本人或朋友帮助存款时，都是1万元每次吗？存钱1万或取钱1万？||谢谢客服拜拜||,"[0.4656156046414782, 0.46991298026764927, 0.6887691130015154, 0.00810678213301963, 0.005354086274971914, 0.07473693982532259]",pos,1.91321E-06,0.285415918,0.285414004,"['钱', '朋友', '身份证', '卡', '存款', '钱', '存款', '朋友']"
344,201901150131385408,请问在银行卡里存足金额后，每期还贷是自动扣取吗？||每期房贷还款||也就是说，每月应还6千元，目前存了7千元，约定还款日的次日系统会自动扣款，不需自己手动还款了，对吧？||,"[0.013381262604366562, 0.8333660475650949, 0.011759586835345615]",no_trend,0.000477175,0.286168966,0.285691791,"['银行', '金额', '房', '系统', '款']"
7,201901020130954144,银衍账户怎么绑定||请问可以通过打电话人工的方式查询账户明细么？||是不是人工服务||我的妈呀，还差3分钟就一个小时了||才给我回复||,"[0.0968112973111539, 0.0511661912617144, 0.3316228945578058, 0.014432283518982958, 0.9367628487522028]",neg,0.000241684,0.286159103,0.285917419,"['账户', '人工', '方式', '账户', '妈', '小时']"
386,201901150931406048,一手个人住房贷款||这么麻烦，不办了||,"[0.05185240805651714, 0.6984161398284205]",neg,0.084600183,0.375134274,0.290534091,"['一手', '个人', '住房', '贷款']"
329,201901140631364928,昨天转到我建行卡上2300元至今无收到，信息收到对冲||工行信息收到冲正2300元||是没操作对吗？可是钱没有回来呀||,"[0.10413243844559683, 0.7572778068933838, 0.08188667177902986]",no_trend,0.018771992,0.314432306,0.295660313,"['信息', '信息', '钱']"
49,201901021030942496,存款机吞款||已经报错||3天没处理||我的钱什么时候可以还原到账||卡号忘了银行卡没在身边怎么查询||其他信息都有||我需要查询下我的住房贷款是否是享受首套贷款利率的贷款||,"[0.30199438042739346, 0.5251131686637666, 0.15334350496622007, 0.12062656613429334, 0.1488972238012417, 0.3526228421848038, 0.4737672181921908]",no_trend,0.000451823,0.296623558,0.296171734,"['钱', '时候', '账', '卡', '号', '银行卡', '信息', '住房', '贷款', '贷款', '利率', '贷款']"
100,201901030330997376,麻烦帮取消富支付快捷业务||取消富友支付快捷业务||您好，转账功能我绑定邮箱了。让后邮箱里来个邮件让我登录网银确认关系。网银哪里可以确认关系。我没找到啊||直接就绑定了。邮箱里来的确认关系是啥意思||我绑定时，提示我绑定成功了||绑定验证码940703。您尾号2281的卡与此邮箱绑定，请登录我行网银或门户网站“E-mail绑定关系确认”功能绑定。||这啥意思。明明提示绑定成功了，咋还提示||明白了。谢谢||,"[0.6408691994336804, 0.06654140069755143, 0.002173028846839009, 0.08020613294383949, 0.5647747350146782, 0.9516044236983074, 0.057030833982523066, 0.01433385396538056]",no_trend,1.12177E-07,0.297191701,0.297191589,"['业务', '业务', '功能', '邮箱', '邮箱', '邮件', '网', '关系', '网', '关系', '邮箱', '关系', '意思', '卡', '邮箱', '我行', '网', '门户', '网站', '关系', '功能', '意思']"
68,201901021130946144,纪念钞过了预约日前去还能换到不||别人给我转了钱一直没收到是怎么回事||你可以帮我查一下吗||这个当时给我转的记录||不会说话吗？||难怪给我转了3000||一分钱不到账||,"[0.04039732037898236, 0.36207918839976994, 0.33568545541231953, 0.6190703138165251, 0.3278564797014907, 0.012092279823370133, 0.38775780328659093]",no_trend,1.75331E-05,0.297848406,0.297830873,"['钱', '事', '记录', '钱', '账']"
314,201901140231354528,这个测试账号是啥||我怕是骗子。这下没有问题了，谢谢!||,"[0.03454657938371597, 0.8765356838070842]",neg,0.156388765,0.455541132,0.299152366,"['账号', '骗子', '问题']"
270,201901060131088704,请问如果我要更新护照的话，可以在上海办理吗？我的银行卡在深圳开办的||4号我支付成功到京东账号1799.37元，他那边说没有收到款项，但是从工行app查询交易明细也有，他说没有收到款项，像这种情况是什么原因啊？谢谢||奥谢谢||,"[0.864685891362822, 0.035929773748489824, 0.002374085634610945]",pos,0.000533467,0.300996584,0.300463117,"['护照', '话', '银行卡', '账号', '款', '交易', '款', '情况', '原因']"
121,201901030930979872,能帮我看下积存金怎么全部取出||我在柜台办理不知道有自动扣款到积存金，然后我上次操作了一下只取出九块||这是怎么回事||,"[0.3302166330419527, 0.02666950953313585, 0.5806689750497122]",neg,0.010943283,0.312518373,0.301575089,"['柜台', '款', '事']"
317,201901140331356864,我新注册的公司网银怎么登录呢||我只有财智卡和密码。在哪里登录啊||财智卡是不用U盾的吧||刚登录了不行。||意思是还是U盾登录吗||我问一下相关人吧||我们电子支付密码器的啊||那就是没有开通网银啊||那我问一下，财智卡可以到银行网点上直接刷回单吗||我要拉银行回单||一般回单箱卡可以跨区用吗？比如杨浦的开户的，到闵行银行拉||还真的没有开通网银||财智卡也可以去各个银行网点取回单吧||可否帮我查一下，我附近有哪个网点可以刷，我今天得去拉下||我地址闵行区交通大学东川路500号。请问哪里有就近的地点||我公司开户在青浦区||给个电话我来问下||开户行在盈港路支行||好的。谢谢||你好，可以帮我查一下我闵行附近的网点吗||问过银行了说可以的||我这个要是转过来要什么手续吗||从青浦转到闵行的话||,"[0.4236882393928614, 0.26473344008931887, 0.10934104671725309, 0.0544890532662099, 0.7172908717489199, 0.5751636651406168, 0.1002865557798599, 0.4257690116023878, 0.06705287003556293, 0.0025205621250976584, 0.03148397577133766, 0.7190427582046753, 0.09160347305856009, 0.6571604721197041, 0.0032789794635120773, 0.5979341329367993, 0.21351023291192905, 0.3827658892391377, 0.26178071936044167, 0.22217664166478157, 0.287236258773761, 0.2870428516639263, 0.5978679470321079]",no_trend,2.22045E-16,0.308400854,0.308400854,"['公司', '网', '财', '密码', '财', '意思', '人', '电子', '密码', '网', '财', '银行', '网点', '回单', '银行', '回单', '回单', '卡', '银行', '网', '财', '银行', '网点', '回单', '网点', '地址', '交通', '大学', '路', '地点', '公司', '电话', '路', '支行', '闵行', '网点', '银行', '手续', '话']"
87,201901030230993760,麻烦发个服务电话出来吧||你好app里面的结构性存款保本吗||直接电话咨询||,"[0.1133904175343492, 0.9209009838590283, 0.049506651312820504]",no_trend,0.043858905,0.361266018,0.317407113,"['电话', '结构性', '存款', '电话']"
212,201901041031018144,能定制他人账户吗？||书面同意||那是短信通知还是融e联通知？||但是只能填一个手机号？||短信渠道的余额变动提醒300元以上是免费吗？||,"[0.2315273553171735, 0.22294567414666422, 0.7478517246290337, 0.05834149661931498, 0.34505712223431095]",no_trend,0.003241356,0.321144675,0.317903318,"['账户', '信', '通知', '通知', '手机', '号', '信', '渠道', '余额']"
244,201901041131021216,你死人啊||太原坞城世纪花园支行查联行号||你们在线客服怎么这么差||,"[0.0019774368779060802, 0.6759480969392654, 0.28000000000000025]",neg,0.00094975,0.319308511,0.318358761,"['死人', '城', '世纪', '花园', '支行', '号']"
23,201901020830936416,给我查一下尾号9568||工行灵通卡||外币现金存款是否有限额设置||,"[0.025689792668328604, 0.8728664907440213, 0.09549587903405321]",no_trend,0.012400932,0.331350721,0.318949789,"['号', '外币', '现金', '存款', '限额']"
58,201901021130944384,你好，电脑无法识别网银U盾||你好，还在吗？||证书过期||证书过期怎么处理||网银证书怎么处理||网银证书过期怎么处理||,"[0.6167461503813404, 0.5174833425895695, 0.3659309079838299, 0.3659309079838299, 0.5795823747928853, 0.4252413742463693]",no_trend,0.155875532,0.478485843,0.322610311,"['电脑', '证书', '证书', '证书', '证书']"
312,201901140231354464,您好，年底前在上海静安区现代大厦营业所兑换的纪念币，发现以下问题请问能换吗？一共2000元，前面都是连号的，但是最后4张和前面完全不连，而且是末尾13，14的，送人根本不行，自己收藏也不喜欢。当时兑换排队人很多，只是检查了总数和前面的号，柜台人员真是太坑了!!请问能解决吗||而且最后这三张的边上都被捆扎的纸带有点勒坏了，看照片就能看出来||太恶劣了/::@||,"[0.011250652762295865, 0.9648482340422658, 1.2995557030492932e-07]",no_trend,2.66653E-08,0.325366339,0.325366312,"['大厦', '营业所', '纪念币', '问题', '末尾', '人', '人', '总数', '号', '柜台', '人员', '纸', '照片']"
62,201901021130944960,你好，请问北京六道口附近有没有网点可以兑换泰铢？||还可以自助办的吗？||[4]查询网点/自助机具方法||中关村东升路支行||有人没有||,"[0.5543071161048689, 0.421874597530976, 0.09048301631758038, 0.5488180064031624, 0.017341140792027643]",no_trend,0.000835829,0.326564775,0.325728946,"['道口', '网点', '泰铢', '网点', '方法', '支行']"
266,201901060131087968,怎么修改绑定手机号||怎么自助办理||我想登录工银融e联||以前的号码不用了||,"[0.1558179785972431, 0.7009274216085485, 0.42736902485227835, 0.10264573456859893]",no_trend,0.017396865,0.34669004,0.329293174,"['手机', '号', '工', '号码']"
261,201901041231024512,请问这个是什么意思？||我输入验证码一直说我输错了||我就是输入验证码啊||我就输入这个验证码，说我输入不正确||你是指手机收的验证码？||可是我现在手机收不到信息，怎么办？||而且这段时间都可能收不到||但我想查我卡上的余额||您要的所有资料我都可以提供||我手机号码现在用不了||我现在不在中国||你可以教我怎么查吗？||除手通过手机以外，其它的我都可以提供||因为我现在在国外，手机用不了||只能打电话？||我这边用不了国内的手机号码||我现在在国外，手机打不了，也发不了短信。||有没有其他办法？||好的，我再试试看吧!||,"[0.8089546067038816, 0.11162644240677533, 0.04836071887464577, 0.30760628633294085, 0.07251445710523996, 0.18062938777810011, 0.47261999925632947, 0.24196319991469628, 0.5939075709213131, 0.1741787670393976, 0.43388870121702383, 0.6029303488341335, 0.24553803891408832, 0.0542367221359592, 0.20067579084781273, 0.618870841787086, 0.6200137836954034, 0.497147847824446, 0.0943396226415093]",no_trend,5.57953E-10,0.335789639,0.335789638,"['意思', '手机', '手机', '信息', '时间', '余额', '资料', '手机', '号码', '手机', '手机', '手机', '号码', '手机', '信', '办法']"
113,201901030930977824,我收到了这个信息是什么意思噢||我的身份证还没有过期||不是第一个短信||手机银行？||,"[0.35084349974683127, 0.26961495344789344, 0.10239478424962756, 0.7727941736268098]",no_trend,0.03578306,0.373911853,0.338128792,"['信息', '意思', '身份证', '信', '手机', '银行']"
95,201901030330995744,你好，我刚刚云闪付绑定了一个APP，想解绑||就是找不到，它没有||或者手机银行还是什么的可以看到是否有绑定吗？||也不是..是吉祥航空的..工行这边是差不到是吧||没事儿，谢谢，没别的问题了||,"[0.44414877596894486, 0.595044481294888, 0.16478090544952573, 0.20260502500435074, 0.36745680973005856]",no_trend,0.013111828,0.354807199,0.341695372,"['手机', '银行', '吉祥', '航空', '问题']"
372,201901150531398368,我在转帐时||一直查找不到我要转的银行||就要选择城市商业银行或城镇银行吗||您们那可以查到||四川新网银行吗？||这边一直找不到||电脑网银||客户说查找不到||您能确认下吗？||好的谢谢您||,"[0.7172908717489199, 0.20628388929190244, 0.12913962574857452, 0.742691562274648, 0.20260502500435074, 0.2857302417726053, 0.261744966442953, 0.7050539082834737, 0.028401415458465085, 0.15451503635422037]",no_trend,1.76567E-05,0.343345654,0.343327998,"['银行', '城市', '商业', '银行', '城镇', '银行', '银行', '电脑', '网', '客户']"
178,201901040831012224,咨询一下手机银行活动||刚才登录提示联动红包什么新年的||让我下载融e联进去点红包||我下载了，哪也没看见抽奖的地方||我没有截图||手机银行也找不到入口，是弹出的||大厅没看见||就是点进去有2个红包，二选一，红包名字叫你今天怪好看的||然后给我发了个短信||手机银行登录广告就是那个活动好像||你这边可以尝试一下吗||应该是这个活动||让我下载融e联抽奖||最爱里没有入口||没有，一共就2个||你看我发的图，活动只有这个，另外一个图是我的头像||滚动广告那只有2张图||你们没有活动地址吗||就是刚发的信息，我不会按你的要求操作？怎么办？||工银信使服务||要我尽快登录工行官网或者各大手机应用商店下载融e联APP，我不会操作？||好了，我跟你讲我不会操作的，你只要告诉我，我不弄有否关系，或找哪里帮忙？||,"[0.005236263333408431, 0.6025233609170103, 0.8119466054145812, 0.149252867588487, 0.3204972396571071, 0.17964919213666675, 0.3872006674379951, 0.07202911088306907, 0.6618699971242883, 0.9471174505277066, 0.6291390728476822, 0.656862745098039, 0.17510224487004833, 0.05409528769677274, 0.04796379094335135, 0.3098999454664936, 0.02970941282158046, 0.4830163200623455, 0.1783718882339892, 0.6299662820246725, 0.008871467856469972, 0.2563104814838343]",no_trend,3.41283E-13,0.345301441,0.345301441,"['手机', '银行', '红包', '红包', '地方', '图', '手机', '银行', '入口', '大厅', '红包', '红包', '名字', '信', '手机', '银行', '广告', '入口', '图', '图', '头像', '广告', '图', '地址', '信息', '要求', '信使', '网', '手机', '商店', '关系']"
135,201901031130985568,登录密码||我实名认证的时候要验证登录密码||我是错了三次||我改了密码||但是还是显示冻结||实名认证||我早就下载了啊||我现在就是在这个app里面啊||我又重置了密码||谢谢您可以了，我只要随时掌握储蓄卡的余额变动情况。||,"[0.12272520428565836, 0.3318710567911288, 0.5, 0.38246629982959546, 0.5576042581707906, 0.09348615645675817, 0.24242448670167038, 0.4243337278283189, 0.47427748128242786, 0.3318710567911288]",no_trend,8.03749E-05,0.346105973,0.346025598,"['密码', '时候', '密码', '密码', '密码', '卡', '余额', '情况']"
174,201901040831011872,我想查一下我的贷款合同编号||需要提供什么信息||能给下经办行负责这块的联系方式吗||合肥市高新区支行||在科大讯飞边上那个||这是芜湖吧？||,"[0.6618392268049974, 0.5662399469752571, 0.44767845850986676, 0.7801067711321799, 0.4149473005667189, 0.09440545332796724]",no_trend,0.146092203,0.49420286,0.348110656,"['贷款', '合同', '信息', '方式', '高新区', '支行', '科', '湖']"
107,201901030830976480,你好，我1号在自助存取机上，无卡存储了300元，至今未到账，有小票为证||冲正是什么意思？||没有，我有去查我的余额||并没有到账，我去网络去查，说的是转账24小时到账，可是24小时已经过了||这个的话，是去我存钱的银行查吗？||或者说，怎么联系机具管理站||新疆伊犁哈萨克自治区宁远郡小区的一个自助存款站||,"[0.8856705589499121, 0.3417229642454034, 0.039686667773970785, 0.008370708877365463, 0.3772658164870174, 0.7857142857142858, 0.010281826296909657]",no_trend,8.26471E-06,0.349816118,0.349807854,"['账', '小票', '意思', '余额', '账', '网络', '小时', '账', '小时', '钱', '银行', '机具', '管理站', '犁', '自治区', '小区']"
256,201901041231023456,哪个是查询功能？||2019年1月3日-2019年1月23日期间，我行微信银行推出“体验有礼”活动，您可关注“中国工商银行电子银行”微信服务号，成功绑定一张工行银行卡（借记卡、信用卡不限），并体验查询功能，即可参与抽奖哦~将有机会获得戴森吸尘器、碧然德滤水壶惊喜奖品。温馨提示:1.2019年2月1日后，通过公众号回复“体验有礼”即可查询获奖名单;2.整个活动内，每个用户只能有一次中奖机会。【工小智】||任何一个都是微查询？||任何一个都是查询？||,"[0.33657447317118694, 0.5046802992860371, 5.3928193218810705e-05, 0.5612272947473628]",no_trend,1.89877E-05,0.350633999,0.350615011,"['功能', '月', '月', '我行', '银行', '工商', '银行', '电子', '银行', '信', '号', '银行卡', '信用卡', '功能', '机会', '水壶', '奖品', '月', '公众', '号', '名单', '用户', '机会']"
15,201901020730936064,人民币兑换日元汇率多少||日元兑换人民币汇率多少||没看见人民币的呀||你就不能直接告诉我||全部盘||,"[0.3033509700176368, 0.30180689042330766, 0.37767658528799275, 0.47316497747545816, 0.47316497747545816]",no_trend,0.034567706,0.38583288,0.351265174,"['人民币', '日元', '汇率', '日元', '人民币', '汇率', '人民币']"
94,201901030330995296,可以直接外汇转到境外去吗||我再问一下，我明天购5万美金，下次把这5万美金转账到境外，算一次购汇的额度吧||那购汇5万，然后结汇，还可不可以购汇了||那外汇买卖是怎么做的||外汇买卖受不受额度限制的||,"[0.6045546245368455, 0.3471762155652556, 0.18520975234191828, 0.6242947040355815, 0.4196721651602816]",no_trend,0.079439496,0.436181492,0.356741997,"['外汇', '美金', '美金', '额度', '外汇', '外汇', '额度']"
340,201901140831369376,我想问下我有余额但是用不了是为什么||进去查看有个基本户||好的马上||我并没有设置基本户||没有办理过哦||我上午才转账了三百||所以我就记得很奇怪||怎么余额没有了||,"[0.6666666666666666, 0.5116847534336728, 0.4444839268836094, 0.2890995260663506, 0.32032795932210145, 0.6697241766492484, 0.1780314374160351, 0.8208589491790135]",no_trend,0.118036655,0.487609674,0.369573019,"['余额', '余额']"
334,201901140631366208,我在转账过程中出现指令要授权||企业账户||是指令查询与处理吗？||现实待授权||前两天我转过一次，也是出现这个情况，没有通过，转不出去||这个账号我第一次用||啥原因？老师||试用版？不知道试用版啥意思？||就是企业网上银行||殷高西路支行||我一共有两个u盾是一样的吧？||你的意思是插另一个u盾了||两个一样的上面没有注明||就是序号不对||还是转不出去||明天我去一下银行||,"[0.15150104086573368, 0.3314684278667914, 0.2540953572238739, 0.24874117402135287, 0.11602291333555526, 0.042960771645125684, 0.6095653678334468, 0.2773932512177786, 0.3873225211899489, 0.8364072089570285, 0.7273234702509828, 0.09643563581963055, 0.3339489514603773, 0.3104160936911723, 0.4776340907500628, 0.7180508975459854]",neg,6.57286E-07,0.369955448,0.369954791,"['过程', '指令', '企业', '账户', '指令', '现实', '情况', '账号', '原因', '老师', '版', '版', '意思', '企业', '银行', '意思', '序号', '银行']"
203,201901041031017088,在开卡时未告知，后面有你们同事打电话说开卡不需要收费，||另外，我在开卡时记得有选择短信提醒，但一直未收到||也就贵行遇到这样的收费||融e接收是使用软件通知接受，如被屏蔽，无法接收||没有直接短信入帐出账提醒吗||绑定手机号是短信提醒吗？||贷款扣款一天有几次扣款机会||如果扣款时间忘记，当天补存会当天扣款吗||招行如果有贷款，有个省息通产品，活期余额可以享受好处活期收益的利率，不知咱这边是否有类似产品||招行如果有贷款，有个省息通产品，活期余额可以享受高出活期收益的利率，不知咱这边是否有类似产品||代发工资不是我们能选择的啊||好的，谢谢你的解答||,"[0.8145668085325206, 0.2950872109348024, 0.9496503397179535, 0.8730278134915583, 0.08227265244164705, 0.04263719901412533, 0.0786488573124825, 0.10167178424686518, 0.5161342396606533, 0.26230868702665555, 0.4528541519030319, 0.004112689387060331]",pos,1.06507E-06,0.372747703,0.372746638,"['同事', '信', '软件', '通知', '账', '手机', '号', '信', '贷款', '款', '款', '机会', '款', '时间', '款', '贷款', '余额', '好处', '收益', '利率', '产品', '贷款', '余额', '收益', '利率', '产品', '工资']"
220,201901041031018880,请问怎样符合要求？||是否每天都会开放一定量||在微信公众号上，无法绑定银行卡||姓名这一项，无法输入||我每天都重启手机，||进入绑定银行卡界面后都是这种情况||你可以自己在微信公众号里，试一试，核实下情况，找你们银行公众号开发商去解决||微信公众号设置不完善跟手机什么关系，换个手机也是这种情况，||你找自己核实一遍，||你也自己核实一遍||这两个公众号都是这种情况||换了手机也是不行||苹果手机不能使用？||只有安卓系统可以？？||对苹果手机的版本有限定吗||那么，我的问题，你们能解决吗？||那就是无法解决呗，||,"[0.37531486146095705, 0.37531486146095705, 0.8328698189460825, 0.6642593290877423, 0.6506712848557273, 0.12281171394772405, 0.38815325678540336, 0.5373962057571104, 0.5112074020867541, 0.10005168441468526, 0.04045995122339274, 0.1463657264601117, 0.1153599901320499, 0.320661448342321, 0.23211421207300964, 0.8718795470140424, 0.10828509275668508]",no_trend,1.47829E-06,0.376069199,0.376067721,"['都会', '一定量', '公众', '号', '银行卡', '姓名', '手机', '银行卡', '面', '情况', '公众', '号', '情况', '银行', '公众', '号', '开发商', '公众', '手机', '关系', '手机', '情况', '公众', '号', '情况', '手机', '苹果', '手机', '系统', '苹果', '手机', '版本', '问题']"
118,201901030930979360,工行信使我定制了，手机号也是对的||请问怎么收不到余额变动的短信提醒那||我手机登录的||我没有看到有接收方式的选项呢||我已经从这里设置了手机号||,"[0.24095348450651588, 0.7230989936983206, 0.5332965138286521, 0.0067918279081440325, 0.4047276437599663]",no_trend,0.001708444,0.381773693,0.380065249,"['信', '手机', '号', '余额', '信', '手机', '方式', '手机', '号']"
73,201901021130946944,我要查询一下贷款合同编号||你没看到吗||跨行转账||怎么开通云闪付||,"[0.5933258601462952, 0.7297953905324696, 0.35387860323412235, 0.04954120670256845]",no_trend,0.051171263,0.431635265,0.380464002,"['贷款', '合同']"
92,201901030330994912,你好这个收益是在2.7到3.55之间吗||刚才打客服电话给我说的不能保证2.7到3.55之间||我也没有听明白什么意思||还有可能更低吗||好的这个到期之后还要赎回吗||今天买什么时候确认份额啊||,"[0.19239838180216162, 0.1014777185309198, 0.550980609486442, 0.6346500611282347, 0.020318163695070446, 0.9817968268541992]",neg,0.019805551,0.413603627,0.393798076,"['收益', '意思', '时候', '份额']"
148,201901031230987840,你好，现在我人在国外登陆我的账号密码忘了需要找回||我国内那个手机号没在用||应该怎么处理||那这期间我怎么确认我的银行卡是安全的呢有什么办法吗||刚打境外没办法打通||,"[0.01800821366205485, 0.021252308179839585, 0.5262327818078083, 0.8603737190531253, 0.6070737179346684]",neg,0.001633561,0.406588148,0.404954587,"['人', '账号', '密码', '我国', '手机', '号', '银行卡', '办法', '办法']"
185,201901040931013792,这个卡号的开户行||刚刚短信查的是||您的尾号为6134的卡/账号的开户地区为北京，开户网点和平里和平北路东口支行，网点号2054，地址北京市朝阳区外馆东街51号，联系电话010-84123118。|想了解网点详情？请回复查网点【工商银行】||我在用他行网银转账时，只找到这几家支行||这个应该选哪个||,"[0.6456953642384105, 0.8256914576349599, 8.496795822487968e-09, 0.44301891709230934, 0.18262444090866725]",pos,5.06534E-09,0.419406038,0.419406033,"['卡', '号', '卡', '账号', '地区', '网点', '和平', '支行', '网点', '号', '地址', '电话', '网点', '情', '网点', '工商', '银行', '网', '支行']"
346,201901150131386784,"农行卡上的钱我以前可以在工行操作资金归集转工商银行的，现在找不到入口了||以前都手机银行操作的，今天找不到了||没有匹配项/::$||以前有资金归集入口的||我有协议签订的||只有资金自动归集||我是农行帐户和工行帐户的资金归集，不是自动归集，||现在不放便了/:,@P||网上银行没弄过/::$||好，我试一下，谢谢？？||","[0.24249097452193347, 0.2740657187190878, 0.32193684157878666, 0.8437817485664092, 0.8523336626148548, 0.019432800388058502, 0.881375277451578, 0.8242874136401482, 0.08856109199961304, 0.03739050602475702]",no_trend,0.004628214,0.438565604,0.43393739,"['卡', '钱', '资金', '工商', '银行', '入口', '手机', '银行', '资金', '入口', '协议', '资金', '资金', '银行']"